Taxonomic_classification,Threat_Reclassified,RefID,Min_Concentration_ppm,Max_Concentration_ppm,Measurement
Mollusca,Anthropogenic: Multiple sources,2,2,120,CaCO3
Mollusca,Anthropogenic: Multiple sources,2,2,120,CaCO3
Crustacean,Aquaculture,3,0,80,Ca2+
Crustacean,Aquaculture,3,0,80,Ca2+
Crustacean,Aquaculture,3,0,80,Ca2+
Crustacean,Aquaculture,3,0,80,Ca2+
Fish,Energy Extraction,5,175,6666,NaHCO3
Insect,Energy Extraction,5,175,16000,NaHCO3
Insect,Energy Extraction,5,194,16000,NaHCO3
Zooplankton,Energy Extraction,5,175,3000,NaHCO3
Zooplankton,Energy Extraction,5,175,3000,NaHCO3
Zooplankton,Energy Extraction,5,194,3000,NaHCO3
amphibian,Energy Extraction,5,175,4500,NaHCO3
amphibian,Energy Extraction,5,175,4500,NaHCO3
amphibian,Energy Extraction,5,175,4500,NaHCO3
amphibian,Energy Extraction,5,175,4500,NaHCO3
Crustacean,Energy Extraction,5,175,2000,NaHCO3
Fish,Energy Extraction,5,323,6666,NaHCO3
Fish,Energy Extraction,5,267,6666,NaHCO3
Fish,Energy Extraction,5,175,8000,NaHCO3
Fish,Energy Extraction,5,175,12000,NaHCO3
Fish,Energy Extraction,5,175,3000,NaHCO3
Fish,Energy Extraction,5,194,4000,NaHCO3
Fish,Energy Extraction,5,175,5000,NaHCO3
Fish,Energy Extraction,5,194,4000,NaHCO3
Fish,Energy Extraction,5,175,4000,NaHCO3
Fish,Energy Extraction,5,175,10000,NaHCO3
Mollusca,Energy Extraction,5,175,2500,NaHCO3
Mollusca,Energy Extraction,5,175,2000,NaHCO3
Mollusca,Energy Extraction,5,175,2000,NaHCO3
"non-insect, non-arthropod",Energy Extraction,5,175,5000,NaHCO3
"non-insect, non-arthropod",Energy Extraction,5,194,5000,NaHCO3
Crustacean,Energy Extraction,5,194,2000,NaHCO3
Fish,Aquaculture,8,3000,9000,NaCl
Fish,Aquaculture,8,3000,9000,NaCl
Fish,Aquaculture,8,3000,9000,NaCl
Fish,Aquaculture,8,3000,9000,NaCl
Fish,Aquaculture,8,3000,9000,NaCl
Fish,Aquaculture,8,3000,9000,NaCl
Fish,Aquaculture,8,3000,9000,NaCl
Fish,Aquaculture,8,3000,9000,NaCl
Fish,Aquaculture,8,3000,9000,NaCl
Fish,Aquaculture,8,3000,9000,NaCl
Fish,Aquaculture,8,3000,9000,NaCl
Fish,Aquaculture,8,3000,9000,NaCl
Fish,Aquaculture,8,3000,9000,NaCl
Fish,Aquaculture,8,3000,9000,NaCl
Fish,Aquaculture,8,3000,9000,NaCl
Fish,Aquaculture,8,3000,9000,NaCl
Fish,Aquaculture,8,3000,9000,NaCl
Fish,Aquaculture,8,3000,9000,NaCl
Fish,Aquaculture,8,3000,9000,NaCl
Fish,Aquaculture,8,3000,9000,NaCl
Fish,Aquaculture,8,3000,9000,NaCl
Fish,Aquaculture,8,3000,9000,NaCl
Fish,Aquaculture,8,3000,9000,NaCl
Fish,Aquaculture,8,3000,9000,NaCl
Fish,Aquaculture,8,3000,9000,NaCl
Fish,Aquaculture,8,3000,9000,NaCl
Fish,Aquaculture,8,3000,9000,NaCl
Fish,Aquaculture,8,3000,9000,NaCl
Fish,Aquaculture,8,3000,9000,NaCl
Fish,Aquaculture,8,3000,9000,NaCl
Fish,Aquaculture,8,3000,9000,NaCl
Fish,Aquaculture,8,3000,9000,NaCl
Fish,Aquaculture,8,3000,9000,NaCl
Fish,Aquaculture,8,3000,9000,NaCl
Fish,Aquaculture,8,3000,9000,NaCl
Fish,Aquaculture,8,3000,9000,NaCl
Fish,Aquaculture,8,3000,9000,NaCl
Fish,Aquaculture,8,3000,9000,NaCl
Zooplankton,Anthropogenic: Multiple sources,9,0.1,10,"KCl, MgSO4, CaCl, K2HPO4, KH2PO4, NaNO3, NaSiO3, FeCl3,"
Zooplankton,Anthropogenic: Multiple sources,9,0.1,10,"KCl, MgSO4, CaCl, K2HPO4, KH2PO4, NaNO3, NaSiO3, FeCl3,"
Zooplankton,Anthropogenic: Multiple sources,9,0.1,10,"KCl, MgSO4, CaCl, K2HPO4, KH2PO4, NaNO3, NaSiO3, FeCl3,"
Zooplankton,Anthropogenic: Multiple sources,9,0.1,10,"KCl, MgSO4, CaCl, K2HPO4, KH2PO4, NaNO3, NaSiO3, FeCl3,"
Zooplankton,Anthropogenic: Multiple sources,9,0.1,10,"KCl, MgSO4, CaCl, K2HPO4, KH2PO4, NaNO3, NaSiO3, FeCl3,"
Fish,"Tolerance, Mechanistic, Osmoreg",11,6936.25,7213.7,CaCl2
Fish,"Tolerance, Mechanistic, Osmoreg",11,6936.25,7213.7,CaCl2
Fish,"Tolerance, Mechanistic, Osmoreg",11,6936.25,7213.7,CaCl2
Fish,"Tolerance, Mechanistic, Osmoreg",11,6936.25,7213.7,CaCl2
Fish,"Tolerance, Mechanistic, Osmoreg",11,6936.25,7213.7,CaCl2
Fish,"Tolerance, Mechanistic, Osmoreg",11,6936.25,7213.7,CaCl2
Fish,"Tolerance, Mechanistic, Osmoreg",11,6936.25,7213.7,CaCl2
Fish,"Tolerance, Mechanistic, Osmoreg",11,6936.25,7213.7,CaCl2
Fish,"Tolerance, Mechanistic, Osmoreg",11,6936.25,7213.7,CaCl2
Fish,"Tolerance, Mechanistic, Osmoreg",11,6936.25,7213.7,CaCl2
Fish,"Tolerance, Mechanistic, Osmoreg",11,6936.25,7213.7,CaCl2
Fish,"Tolerance, Mechanistic, Osmoreg",11,6936.25,7213.7,CaCl2
Zooplankton,Climate/Intrusion,13,500,3000,NaCl
Zooplankton,Climate/Intrusion,13,500,3000,NaCl
Zooplankton,Climate/Intrusion,13,500,3000,NaCl
Zooplankton,Climate/Intrusion,13,500,3000,NaCl
Zooplankton,Climate/Intrusion,13,500,3000,NaCl
Zooplankton,Climate/Intrusion,13,500,3000,NaCl
Zooplankton,Climate/Intrusion,13,500,3000,NaCl
Zooplankton,Climate/Intrusion,13,500,3000,NaCl
Zooplankton,Climate/Intrusion,13,500,3000,NaCl
Zooplankton,Climate/Intrusion,13,500,3000,NaCl
Zooplankton,Climate/Intrusion,13,500,3000,NaCl
Zooplankton,Climate/Intrusion,13,500,3000,NaCl
Zooplankton,Climate/Intrusion,13,500,3000,NaCl
Zooplankton,Climate/Intrusion,13,500,3000,NaCl
Zooplankton,Climate/Intrusion,13,500,3000,NaCl
Zooplankton,Climate/Intrusion,13,500,3000,NaCl
Zooplankton,Climate/Intrusion,13,750,9000,NaCl
Zooplankton,Climate/Intrusion,13,750,9000,NaCl
Zooplankton,Climate/Intrusion,13,500,3000,NaCl
Zooplankton,Climate/Intrusion,13,500,3000,NaCl
Insect,Road Salts,15,824,13188,NaCl
Insect,Road Salts,15,824,13188,NaCl
Insect,Road Salts,15,824,13188,NaCl
Insect,Road Salts,15,824,13188,NaCl
Insect,Road Salts,15,824,13188,NaCl
Insect,Road Salts,15,824,13188,NaCl
Insect,Road Salts,15,824,13188,NaCl
Insect,Road Salts,15,824,13188,NaCl
Insect,Road Salts,15,824,13188,NaCl
Insect,Road Salts,15,824,13188,NaCl
Insect,Road Salts,15,824,13188,NaCl
Insect,Road Salts,15,824,13188,NaCl
Insect,Road Salts,15,824,13188,NaCl
Insect,Road Salts,15,412,6594,NaCl
Insect,Road Salts,15,412,6594,NaCl
Insect,Road Salts,15,412,6594,NaCl
Insect,Road Salts,15,412,6594,NaCl
Insect,Road Salts,15,412,6594,NaCl
Insect,Road Salts,15,412,6594,NaCl
Insect,Road Salts,15,412,6594,NaCl
Insect,Road Salts,15,412,6594,NaCl
Insect,Road Salts,15,412,6594,NaCl
Insect,Road Salts,15,412,6594,NaCl
Insect,Road Salts,15,412,6594,NaCl
Insect,Road Salts,15,412,6594,NaCl
Insect,Road Salts,15,824,13188,NaCl
Insect,Road Salts,15,824,13188,NaCl
Insect,Road Salts,15,412,6594,NaCl
Insect,Road Salts,15,412,6594,NaCl
amphibian,Climate/Intrusion,27,0,8000,mixture
amphibian,Climate/Intrusion,27,0,8000,mixture
amphibian,Climate/Intrusion,27,0,8000,mixture
amphibian,Climate/Intrusion,27,0,8000,mixture
amphibian,Climate/Intrusion,27,0,8000,mixture
amphibian,Climate/Intrusion,27,0,8000,mixture
amphibian,Climate/Intrusion,27,0,8000,mixture
amphibian,Climate/Intrusion,27,0,8000,mixture
amphibian,Climate/Intrusion,27,200,20500,mixture
amphibian,Climate/Intrusion,27,200,20500,mixture
amphibian,Climate/Intrusion,27,0,12000,mixture
amphibian,Climate/Intrusion,27,0,12000,mixture
Fish,Anthropogenic: Multiple sources,32,0,5.4,NaF
Fish,Anthropogenic: Multiple sources,32,0,5.4,NaF
Fish,Agriculture,34,0,0.03851,Cartap hydrochloride
Fish,Agriculture,34,0,0.03851,Cartap hydrochloride
Fish,Agriculture,34,0,0.03851,Cartap hydrochloride
Fish,Agriculture,34,0,0.03851,Cartap hydrochloride
Fish,Agriculture,34,0,0.03851,Cartap hydrochloride
Fish,Agriculture,34,0,0.03851,Cartap hydrochloride
Fish,Agriculture,34,0,0.03851,Cartap hydrochloride
Fish,Agriculture,34,0,0.03851,Cartap hydrochloride
Fish,Agriculture,34,0,0.03851,Cartap hydrochloride
Fish,Agriculture,34,0,0.03851,Cartap hydrochloride
Fish,Agriculture,34,0,0.03851,Cartap hydrochloride
Fish,Agriculture,34,0,0.03851,Cartap hydrochloride
Fish,Agriculture,34,0,0.03851,Cartap hydrochloride
Fish,Agriculture,34,0,0.03851,Cartap hydrochloride
Fish,Agriculture,34,0,0.03851,Cartap hydrochloride
Fish,Agriculture,34,0,0.03851,Cartap hydrochloride
Fish,Agriculture,34,0.01,0.1,Cartap hydrochloride
Fish,1,37,1000,8000,NaCl
Fish,1,37,1000,8000,NaCl
Fish,Aquaculture,39,0,12000,Marine water
Fish,Aquaculture,39,0,12000,Marine water
Fish,Aquaculture,39,0,12000,Marine water
Fish,Aquaculture,39,0,12000,Marine water
Fish,Aquaculture,39,0,12000,Marine water
Fish,Aquaculture,39,0,16000,Marine water
Insect,1,44,9,11,Cl-
Insect,1,44,19,28,Ca2+
Crustacean,Aquaculture,58,35,100,CaSO4
Crustacean,Aquaculture,58,35,100,CaCl2
Crustacean,Aquaculture,58,35,100,NaCl
Fish,Aquaculture,62,0,10000,common salt (NaCl?)
Fish,Aquaculture,62,0,10000,common salt (NaCl?)
Fish,Aquaculture,62,0,10000,common salt (NaCl?)
Fish,Aquaculture,62,0,10000,common salt (NaCl?)
Fish,Aquaculture,62,0,10000,common salt (NaCl?)
Fish,Aquaculture,62,0,10000,common salt (NaCl?)
Fish,Aquaculture,62,0,10000,common salt (NaCl?)
Fish,"Tolerance, Mechanistic, Osmoreg",65,0.35,35,K+
Fish,"Tolerance, Mechanistic, Osmoreg",65,0.35,35,K+
Crustacean,1,66,2.299,45.98,Na+
Crustacean,1,66,2.299,45.98,Na+
Crustacean,1,66,0.9196,45.98,Na+
Crustacean,"Tolerance, Mechanistic, Osmoreg",70,0,486.2,Mg3+
Crustacean,"Tolerance, Mechanistic, Osmoreg",70,0,1954.5000000000002,K+
Zooplankton,Urban/Indust,78,22.5,32.4,Cl-
Zooplankton,Urban/Indust,78,22.5,32.4,Cl-
Zooplankton,Urban/Indust,78,22.5,32.4,Cl-
Fish,Agriculture,82,34,3140,Cl-
Fish,Agriculture,82,34,3140,Cl-
Fish,Agriculture,82,34,3140,Cl-
Fish,Agriculture,82,34,3140,Cl-
Fish,Agriculture,82,34,3140,Cl-
Fish,Agriculture,82,34,3140,Cl-
Fish,Agriculture,82,34,3140,Cl-
Fish,Agriculture,82,34,3140,Cl-
Fish,Agriculture,82,34,3140,Cl-
Fish,Agriculture,82,34,3140,Cl-
Fish,Agriculture,82,34,3140,Cl-
Fish,Agriculture,82,34,3140,Cl-
Fish,Agriculture,82,34,3140,Cl-
Fish,Agriculture,82,34,3140,Cl-
Fish,Agriculture,82,34,3140,Cl-
Fish,Agriculture,82,34,3140,Cl-
Fish,Agriculture,82,34,3140,Cl-
Fish,"Tolerance, Mechanistic, Osmoreg",84,0,0.380844,MgCl2
Fish,"Tolerance, Mechanistic, Osmoreg",84,0,0.44392000000000004,CaCl2
Fish,"Tolerance, Mechanistic, Osmoreg",84,0,0.11688,NaCl
Fish,Anthropogenic: Multiple sources,92,0,10000,NaCl
Fish,Anthropogenic: Multiple sources,92,0,10000,NaCl
Fish,Anthropogenic: Multiple sources,92,0,10000,NaCl
Fish,Anthropogenic: Multiple sources,92,0,10000,NaCl
Fish,Anthropogenic: Multiple sources,92,0,10000,NaCl
Fish,Anthropogenic: Multiple sources,92,0,10000,NaCl
Fish,Anthropogenic: Multiple sources,92,0,10000,NaCl
Fish,Anthropogenic: Multiple sources,92,0,10000,NaCl
Fish,"Tolerance, Mechanistic, Osmoreg",93,0,1487.132,CaCl2
Fish,"Tolerance, Mechanistic, Osmoreg",93,0,1487.132,CaCl2
Crustacean,"Tolerance, Mechanistic, Osmoreg",95,0,21915,NaCl
Crustacean,"Tolerance, Mechanistic, Osmoreg",95,0,21915,NaCl
Fish,Energy Extraction,100,175,1400,NaHCO3
Fish,Energy Extraction,100,175,2000,NaHCO3
Fish,Energy Extraction,100,175,1400,NaHCO3
Fish,Energy Extraction,100,175,1400,NaHCO3
Fish,Energy Extraction,100,175,625,NaHCO3
Fish,Energy Extraction,100,175,1400,NaHCO3
Fish,Energy Extraction,100,175,625,NaHCO3
Fish,Energy Extraction,100,175,1400,NaHCO3
Fish,Energy Extraction,100,175,1400,NaHCO3
Fish,Energy Extraction,100,175,1400,NaHCO3
Fish,Energy Extraction,100,175,1100,NaHCO3
Fish,Energy Extraction,100,175,1100,NaHCO3
Fish,Energy Extraction,100,175,1400,NaHCO3
Fish,Energy Extraction,100,175,625,NaHCO3
Fish,Energy Extraction,100,175,500,NaHCO3
Fish,Energy Extraction,100,175,625,NaHCO3
Fish,Energy Extraction,100,175,500,NaHCO3
Fish,Energy Extraction,100,175,1400,NaHCO3
Fish,Energy Extraction,100,175,1400,NaHCO3
Fish,Energy Extraction,100,175,625,NaHCO3
Fish,Energy Extraction,100,175,1400,NaHCO3
Fish,Energy Extraction,100,175,1400,NaHCO3
Fish,Energy Extraction,100,175,1100,NaHCO3
Fish,Energy Extraction,100,175,500,NaHCO3
Fish,Energy Extraction,100,175,625,NaHCO3
Fish,Energy Extraction,100,175,1400,NaHCO3
Fish,Energy Extraction,100,175,500,NaHCO3
Fish,Energy Extraction,100,175,625,NaHCO3
Fish,Energy Extraction,100,175,1100,NaHCO3
Fish,Energy Extraction,100,175,1400,NaHCO3
Zooplankton,Energy Extraction,100,175,1500,NaHCO3
Fish,Energy Extraction,100,175,1400,NaHCO3
Fish,Energy Extraction,100,175,1400,NaHCO3
Fish,Energy Extraction,100,175,1400,NaHCO3
Fish,Energy Extraction,100,175,625,NaHCO3
Fish,Energy Extraction,100,175,2000,NaHCO3
Zooplankton,Energy Extraction,100,175,1500,NaHCO3
Mollusca,Energy Extraction,100,175,1500,NaHCO3
Fish,Energy Extraction,100,175,625,NaHCO3
Fish,Energy Extraction,100,175,1400,NaHCO3
Fish,Energy Extraction,100,175,625,NaHCO3
Fish,"Tolerance, Mechanistic, Osmoreg",101,0,25000,NaCl
Mollusca,"Tolerance, Mechanistic, Osmoreg",102,745.5,3727.5,KCl
Mollusca,"Tolerance, Mechanistic, Osmoreg",102,584.4,2922,NaCl
Mollusca,"Tolerance, Mechanistic, Osmoreg",102,0,3727.5,KCl
Mollusca,"Tolerance, Mechanistic, Osmoreg",102,0,2922,NaCl
Fish,"Tolerance, Mechanistic, Osmoreg",105,0.07293,4.862,Mg3+
Fish,"Tolerance, Mechanistic, Osmoreg",105,0.07293,4.862,Mg3+
Fish,"Tolerance, Mechanistic, Osmoreg",105,0.07293,4.862,Mg3+
Fish,"Tolerance, Mechanistic, Osmoreg",105,0.07293,4.862,Mg3+
Fish,"Tolerance, Mechanistic, Osmoreg",105,0.07293,4.862,Mg3+
Fish,"Tolerance, Mechanistic, Osmoreg",105,0.07293,4.862,Mg3+
Fish,"Tolerance, Mechanistic, Osmoreg",105,0.07293,4.862,Mg3+
Fish,"Tolerance, Mechanistic, Osmoreg",105,0.07293,4.862,Mg3+
Fish,"Tolerance, Mechanistic, Osmoreg",109,4.008,40.08,Ca2+
Fish,"Tolerance, Mechanistic, Osmoreg",109,4.008,40.08,Ca2+
Fish,"Tolerance, Mechanistic, Osmoreg",109,4.008,40.08,Ca2+
Mollusca,"Tolerance, Mechanistic, Osmoreg",111,0.5844,58.44,NaCl
Mollusca,"Tolerance, Mechanistic, Osmoreg",111,0.5844,58.44,NaCl
Mollusca,"Tolerance, Mechanistic, Osmoreg",111,0.5844,58.44,NaCl
Mollusca,"Tolerance, Mechanistic, Osmoreg",111,0.5844,58.44,NaCl
Mollusca,"Tolerance, Mechanistic, Osmoreg",111,0.5844,58.44,NaCl
Mollusca,"Tolerance, Mechanistic, Osmoreg",111,0.5844,58.44,NaCl
Mollusca,"Tolerance, Mechanistic, Osmoreg",111,0.5844,58.44,NaCl
Mollusca,"Tolerance, Mechanistic, Osmoreg",111,0.5844,58.44,NaCl
Mollusca,Invasive Spp,113,233.76,5960.88,NaCl
Mollusca,Invasive Spp,113,233.76,5960.88,NaCl
Mollusca,Invasive Spp,113,233.76,5960.88,NaCl
Mollusca,Invasive Spp,113,233.76,5960.88,NaCl
Mollusca,Invasive Spp,113,233.76,5960.88,NaCl
Mollusca,Invasive Spp,113,233.76,5960.88,NaCl
Mollusca,Invasive Spp,113,233.76,5960.88,NaCl
Mollusca,Invasive Spp,113,233.76,5960.88,NaCl
Mollusca,Invasive Spp,113,233.76,5960.88,NaCl
Mollusca,Invasive Spp,113,233.76,5960.88,NaCl
Mollusca,Invasive Spp,113,233.76,5960.88,NaCl
Mollusca,Invasive Spp,113,233.76,5960.88,NaCl
Mollusca,Invasive Spp,113,233.76,5960.88,NaCl
Mollusca,Invasive Spp,113,233.76,5960.88,NaCl
Fish,Aquaculture,116,0,1700.0000000000002,Na2SO4
Fish,Aquaculture,116,0,1700.0000000000002,NaCl
Fish,Aquaculture,116,0,1700.0000000000002,NaCl
Fish,Aquaculture,116,0,1700.0000000000002,NaCl
Fish,Aquaculture,116,0,1700.0000000000002,NaCl
Fish,Aquaculture,116,0,1700.0000000000002,Na2SO4
Fish,Aquaculture,116,0,1700.0000000000002,NaCl
Fish,Aquaculture,116,0,1700.0000000000002,KCl
Fish,"Tolerance, Mechanistic, Osmoreg",120,1000,12000,NA
Fish,"Tolerance, Mechanistic, Osmoreg",120,1000,12000,NA
Fish,"Tolerance, Mechanistic, Osmoreg",120,1000,12000,NA
Fish,"Tolerance, Mechanistic, Osmoreg",120,1000,12000,NA
Fish,"Tolerance, Mechanistic, Osmoreg",120,1000,12000,NA
Mollusca,"Tolerance, Mechanistic, Osmoreg",125,0.45765000000000006,41.49360000000001,HCO3-
Mollusca,"Tolerance, Mechanistic, Osmoreg",125,0.12024,12.4248,Ca2+
Fish,"Tolerance, Mechanistic, Osmoreg",128,0,15,Ca2+
Fish,"Tolerance, Mechanistic, Osmoreg",128,0,15,Ca2+
Fish,"Tolerance, Mechanistic, Osmoreg",128,0,15,Ca2+
Fish,Anthropogenic: Multiple sources,138,5.31,97.51,NO3-
Fish,Anthropogenic: Multiple sources,138,5.31,97.51,NO3-
Fish,Anthropogenic: Multiple sources,138,5.31,97.51,NO3-
Fish,Anthropogenic: Multiple sources,138,5.31,97.51,NO3-
Fish,Anthropogenic: Multiple sources,138,5.31,97.51,NO3-
Fish,Anthropogenic: Multiple sources,138,5.31,97.51,NO3-
Fish,Anthropogenic: Multiple sources,138,5.31,97.51,NO3-
Fish,Anthropogenic: Multiple sources,138,5.31,97.51,NO3-
Fish,Anthropogenic: Multiple sources,138,5.31,97.51,NO3-
Fish,Anthropogenic: Multiple sources,138,5.31,97.51,NO3-
Fish,Anthropogenic: Multiple sources,138,5.31,97.51,NO3-
Fish,Anthropogenic: Multiple sources,138,5.31,97.51,NO3-
Fish,Anthropogenic: Multiple sources,138,5.31,97.51,NO3-
Fish,Anthropogenic: Multiple sources,138,5.31,97.51,NO3-
Fish,Anthropogenic: Multiple sources,138,5.31,97.51,NO3-
Fish,Anthropogenic: Multiple sources,138,5.31,97.51,NO3-
Fish,Anthropogenic: Multiple sources,138,5.31,97.51,NO3-
Fish,Anthropogenic: Multiple sources,138,5.31,97.51,NO3-
Fish,Anthropogenic: Multiple sources,138,5.31,97.51,NO3-
Fish,1,139,0.72,11.3,Ca2+
Fish,1,139,0.72,11.3,Ca2+
Fish,1,139,0.72,11.3,Ca2+
Fish,1,139,0.72,11.3,Ca2+
Crustacean,Anthropogenic: Multiple sources,142,2,140,NaCl
Crustacean,Anthropogenic: Multiple sources,142,2,140,NaCl
Insect,Anthropogenic: Multiple sources,142,2,7,NaCl
Crustacean,Anthropogenic: Multiple sources,142,2,140,NaCl
Crustacean,Anthropogenic: Multiple sources,142,2,140,NaCl
Insect,Anthropogenic: Multiple sources,142,2,7,NaCl
Fish,Aquaculture,154,0,4000,NaCl
Fish,Aquaculture,154,0,4000,NaCl
Fish,Aquaculture,154,0,4000,NaCl
Fish,Aquaculture,154,0,4000,NaCl
Fish,Aquaculture,154,0,4000,NaCl
Fish,Aquaculture,154,0,4000,NaCl
Fish,Aquaculture,156,0,3000,NaCl
Fish,Aquaculture,156,0,3000,NaCl
Fish,Aquaculture,156,0,3000,NaCl
Fish,Aquaculture,156,0,3000,NaCl
Fish,1,158,22,92,Ca2+
Fish,1,158,22,92,Ca2+
Fish,1,158,22,92,Ca2+
Fish,1,158,22,92,Ca2+
Fish,1,158,22,92,Ca2+
Fish,Agriculture,160,0,3000,NaCl
Fish,Agriculture,160,0,3000,NaCl
Fish,Agriculture,160,0,3000,NaCl
Fish,Agriculture,160,0,3000,NaCl
Fish,Agriculture,160,0,3000,NaCl
Crustacean,Invasive Spp,165,17.725,354.5,Cl-
Crustacean,Invasive Spp,165,17.725,354.5,Cl-
Crustacean,Invasive Spp,165,17.725,354.5,Cl-
Fish,"Tolerance, Mechanistic, Osmoreg",168,0,7000,NaCl
Fish,"Tolerance, Mechanistic, Osmoreg",168,0,7000,NaCl
Fish,Aquaculture,169,0,3000,NaCl
Fish,Aquaculture,169,0,3000,NaCl
Fish,Aquaculture,169,0,3000,NaCl
Fish,"Tolerance, Mechanistic, Osmoreg",173,4.008,400.79999999999995,Ca2+
Fish,"Tolerance, Mechanistic, Osmoreg",173,4.008,400.79999999999995,Ca2+
Fish,"Tolerance, Mechanistic, Osmoreg",173,4.008,400.79999999999995,Ca2+
Fish,"Tolerance, Mechanistic, Osmoreg",173,4.008,400.79999999999995,Ca2+
Fish,"Tolerance, Mechanistic, Osmoreg",173,4.008,400.79999999999995,Ca2+
Fish,"Tolerance, Mechanistic, Osmoreg",173,4.008,400.79999999999995,Ca2+
Fish,"Tolerance, Mechanistic, Osmoreg",173,4.008,400.79999999999995,Ca2+
Fish,"Tolerance, Mechanistic, Osmoreg",173,4.008,400.79999999999995,Ca2+
Fish,"Tolerance, Mechanistic, Osmoreg",173,4.008,400.79999999999995,Ca2+
Fish,"Tolerance, Mechanistic, Osmoreg",173,4.008,400.79999999999995,Ca2+
Fish,"Tolerance, Mechanistic, Osmoreg",173,4.008,400.79999999999995,Ca2+
Fish,"Tolerance, Mechanistic, Osmoreg",173,4.008,400.79999999999995,Ca2+
Fish,"Tolerance, Mechanistic, Osmoreg",173,4.008,400.79999999999995,Ca2+
Fish,"Tolerance, Mechanistic, Osmoreg",173,4.008,400.79999999999995,Ca2+
Fish,"Tolerance, Mechanistic, Osmoreg",173,4.008,400.79999999999995,Ca2+
Fish,"Tolerance, Mechanistic, Osmoreg",173,4.008,400.79999999999995,Ca2+
Fish,"Tolerance, Mechanistic, Osmoreg",173,4.008,400.79999999999995,Ca2+
Fish,"Tolerance, Mechanistic, Osmoreg",173,4.008,400.79999999999995,Ca2+
Mollusca,Road Salts,180,2.8,10,NaCl
Mollusca,Road Salts,180,2.8,10,NaCl
Mollusca,Road Salts,180,2.8,10,NaCl
Mollusca,Road Salts,180,2.8,10,NaCl
Mollusca,Road Salts,180,2.8,10,NaCl
Mollusca,Road Salts,180,5.5,10,NaCl
Mollusca,Road Salts,180,8.9,10,NaCl
Mollusca,Road Salts,180,2.8,10,NaCl
Mollusca,Road Salts,180,1.8,10,NaCl
Fish,Urban/Indust,183,0.55,1.26,NO3-
Fish,Urban/Indust,183,0.55,1.26,NO3-
Fish,Urban/Indust,183,0.55,1.26,NO3-
Fish,Urban/Indust,183,0.55,1.26,NO3-
Fish,Urban/Indust,183,0.55,1.26,NO3-
Fish,Urban/Indust,183,0.55,1.26,NO3-
Fish,Urban/Indust,183,0.55,1.26,NO3-
Fish,Urban/Indust,183,0.55,1.26,NO3-
Fish,Urban/Indust,183,0.55,1.26,NO3-
Fish,Urban/Indust,183,0.55,1.26,NO3-
Fish,Urban/Indust,183,0.55,1.26,NO3-
Fish,Urban/Indust,183,0.55,1.26,NO3-
Fish,"Tolerance, Mechanistic, Osmoreg",184,0.9239999999999999,2.688,NaHCO3
Fish,"Tolerance, Mechanistic, Osmoreg",184,0.9239999999999999,2.688,NaHCO3
Fish,"Tolerance, Mechanistic, Osmoreg",184,0.9239999999999999,2.688,NaHCO3
Fish,"Tolerance, Mechanistic, Osmoreg",184,2.1142399999999997,5.2856,(NH4)2SO4
Fish,"Tolerance, Mechanistic, Osmoreg",184,2.1142399999999997,5.2856,(NH4)2SO4
Fish,"Tolerance, Mechanistic, Osmoreg",184,2.1142399999999997,5.2856,(NH4)2SO4
Fish,"Tolerance, Mechanistic, Osmoreg",184,2.1142399999999997,5.2856,(NH4)2SO4
Fish,"Tolerance, Mechanistic, Osmoreg",184,2.1142399999999997,5.2856,(NH4)2SO4
Fish,"Tolerance, Mechanistic, Osmoreg",184,2.1142399999999997,5.2856,(NH4)2SO4
Fish,"Tolerance, Mechanistic, Osmoreg",184,2.1142399999999997,5.2856,(NH4)2SO4
Fish,"Tolerance, Mechanistic, Osmoreg",184,2.1142399999999997,5.2856,(NH4)2SO4
Fish,"Tolerance, Mechanistic, Osmoreg",184,2.1142399999999997,5.2856,(NH4)2SO4
Fish,"Tolerance, Mechanistic, Osmoreg",184,2.1142399999999997,5.2856,(NH4)2SO4
Fish,"Tolerance, Mechanistic, Osmoreg",184,1.60184,4.0046,KHCO3
Fish,"Tolerance, Mechanistic, Osmoreg",184,0.9239999999999999,2.688,NaHCO3
Fish,"Tolerance, Mechanistic, Osmoreg",184,2.1142399999999997,5.2856,(NH4)2SO4
Insect,Urban/Indust,186,0,5000,calcium nitrate
Insect,Urban/Indust,186,0,7000,NaCl & Ca(N03)2
Insect,Urban/Indust,186,31,4000,NaCl
Mollusca,Invasive Spp,187,0,180,Ca2+
Mollusca,Invasive Spp,187,0,180,Ca2+
Mollusca,Energy Extraction,188,0.5,5,Ca2+
Mollusca,Energy Extraction,188,0.5,5,Ca2+
Mollusca,Energy Extraction,188,0.5,25,Ca2+
Mollusca,Energy Extraction,188,0.5,25,Ca2+
Mollusca,Anthropogenic: Multiple sources,192,0,24000,Artifical Seawater
Mollusca,Anthropogenic: Multiple sources,192,0,24000,Artifical Seawater
Mollusca,Anthropogenic: Multiple sources,192,0,24000,Artifical Seawater
Fish,Aquaculture,198,10,200000,"NaCl, KCl, CaCl2, MgCl2"
Fish,Aquaculture,198,10,200000,"NaCl, KCl, CaCl2, MgCl2"
Fish,Aquaculture,198,10,200000,"NaCl, KCl, CaCl2, MgCl2"
Fish,Aquaculture,198,10,200000,"NaCl, KCl, CaCl2, MgCl2"
Fish,Aquaculture,198,10,200000,"NaCl, KCl, CaCl2, MgCl2"
Fish,Aquaculture,198,10,200000,"NaCl, KCl, CaCl2, MgCl2"
Fish,Aquaculture,198,10,200000,"NaCl, KCl, CaCl2, MgCl2"
Fish,Aquaculture,198,10,200000,"NaCl, KCl, CaCl2, MgCl2"
Mollusca,Invasive Spp,199,5.0817000000000005,85.99800000000002,K+
Mollusca,Invasive Spp,199,5.0817000000000005,85.99800000000002,K+
Mollusca,Invasive Spp,199,5.0817000000000005,85.99800000000002,K+
Mollusca,Invasive Spp,199,5.0817000000000005,85.99800000000002,K+
Mollusca,Invasive Spp,199,5.0817000000000005,85.99800000000002,K+
Mollusca,Invasive Spp,199,5.0817000000000005,85.99800000000002,K+
Mollusca,Invasive Spp,199,5.0817000000000005,85.99800000000002,K+
Mollusca,Invasive Spp,199,12.024,256.512,Ca2+
Mollusca,Invasive Spp,199,5.0817000000000005,85.99800000000002,K+
Mollusca,Invasive Spp,199,5.0817000000000005,85.99800000000002,K+
Mollusca,Invasive Spp,199,5.0817000000000005,85.99800000000002,K+
Mollusca,Invasive Spp,199,0.05863500000000001,34.3992,K+
Mollusca,Invasive Spp,199,5.0817000000000005,85.99800000000002,K+
Mollusca,Invasive Spp,199,0.24309999999999998,65.637,Mg3+
Mollusca,Invasive Spp,199,1.6093,498.8829999999999,Na+
Mollusca,Invasive Spp,199,5.0817000000000005,85.99800000000002,K+
Mollusca,Invasive Spp,199,5.0817000000000005,85.99800000000002,K+
Mollusca,Invasive Spp,199,5.0817000000000005,85.99800000000002,K+
Mollusca,Invasive Spp,199,12.024,256.512,Ca2+
Mollusca,Invasive Spp,199,5.0817000000000005,85.99800000000002,K+
Mollusca,Invasive Spp,199,5.0817000000000005,85.99800000000002,K+
Mollusca,Invasive Spp,199,5.0817000000000005,85.99800000000002,K+
Mollusca,Invasive Spp,199,5.0817000000000005,85.99800000000002,K+
Mollusca,Invasive Spp,199,5.0817000000000005,85.99800000000002,K+
Mollusca,Invasive Spp,199,5.0817000000000005,85.99800000000002,K+
Mollusca,Invasive Spp,199,0.05863500000000001,34.3992,K+
Mollusca,Invasive Spp,199,5.0817000000000005,85.99800000000002,K+
Mollusca,Invasive Spp,199,5.0817000000000005,85.99800000000002,K+
Mollusca,Invasive Spp,199,0.24309999999999998,65.637,Mg3+
Mollusca,Invasive Spp,199,5.0817000000000005,85.99800000000002,K+
Mollusca,Invasive Spp,199,5.0817000000000005,85.99800000000002,K+
Mollusca,Invasive Spp,199,1.6093,498.8829999999999,Na+
Insect,Urban/Indust,201,37,81,Cl-
Mollusca,"Tolerance, Mechanistic, Osmoreg",204,1000,7000,NaCl
Mollusca,"Tolerance, Mechanistic, Osmoreg",204,1000,7000,NaCl
Mollusca,"Tolerance, Mechanistic, Osmoreg",204,1000,7000,NaCl
Mollusca,1,207,3.65,11.4,CaCO3
Mollusca,1,207,3.65,11.4,CaCO3
Mollusca,1,207,3.65,11.4,CaCO3
Mollusca,1,207,3.65,11.4,CaCO3
Mollusca,1,207,3.65,11.4,CaCO3
Mollusca,1,207,3.65,11.4,CaCO3
Mollusca,1,207,3.65,11.4,CaCO3
Mollusca,Energy Extraction,215,20,100,Mg3+
Mollusca,Energy Extraction,215,10,100,Ca2+
Mollusca,Energy Extraction,215,10,100,Ca2+
Mollusca,Energy Extraction,215,20,100,Mg3+
Mollusca,Energy Extraction,215,20,100,Mg3+
Mollusca,Energy Extraction,215,10,100,Ca2+
Mollusca,Energy Extraction,215,10,100,Ca2+
Mollusca,Energy Extraction,215,20,100,Mg3+
Mollusca,Energy Extraction,215,20,100,Mg3+
Mollusca,Energy Extraction,215,20,100,Mg3+
Mollusca,Energy Extraction,215,10,100,Ca2+
Mollusca,Energy Extraction,215,10,100,Ca2+
Mollusca,Energy Extraction,215,20,100,Mg3+
Mollusca,Energy Extraction,215,10,100,Ca2+
Mollusca,Energy Extraction,215,10,100,Ca2+
Mollusca,Energy Extraction,215,10,100,Ca2+
Mollusca,Energy Extraction,215,20,100,Mg3+
Mollusca,Energy Extraction,215,10,100,Ca2+
Mollusca,Energy Extraction,215,10,100,Ca2+
Mollusca,Energy Extraction,215,10,100,Ca2+
Mollusca,Energy Extraction,215,20,100,Mg3+
Mollusca,Energy Extraction,215,20,100,Mg3+
Mollusca,Energy Extraction,215,10,100,Ca2+
Insect,"Tolerance, Mechanistic, Osmoreg",218,0,0.12,NaCl
Insect,"Tolerance, Mechanistic, Osmoreg",218,0.15,0.45,NaCl
Insect,"Tolerance, Mechanistic, Osmoreg",218,0.15,0.45,KCl
Insect,"Tolerance, Mechanistic, Osmoreg",218,0.15,0.45,CaCl2
Insect,"Tolerance, Mechanistic, Osmoreg",218,0.15,0.45,MgCl2
Insect,"Tolerance, Mechanistic, Osmoreg",218,0.15,0.45,"nacl, kcl, mgcl, cacl2"
Insect,"Tolerance, Mechanistic, Osmoreg",218,0,0.12,NaCl
Insect,"Tolerance, Mechanistic, Osmoreg",218,0.15,0.45,KCl
Insect,"Tolerance, Mechanistic, Osmoreg",218,0.15,0.45,CaCl2
Insect,"Tolerance, Mechanistic, Osmoreg",218,0.15,0.45,"nacl, kcl, mgcl, cacl2"
Insect,"Tolerance, Mechanistic, Osmoreg",218,0.15,0.45,MgCl2
Insect,"Tolerance, Mechanistic, Osmoreg",218,0.15,0.45,NaCl
Insect,"Tolerance, Mechanistic, Osmoreg",218,0,0.12,NaCl
Crustacean,"Tolerance, Mechanistic, Osmoreg",223,45.98,229.89999999999998,Na+
Crustacean,"Tolerance, Mechanistic, Osmoreg",223,45.98,229.89999999999998,Na+
Crustacean,"Tolerance, Mechanistic, Osmoreg",223,45.98,229.89999999999998,Na+
Crustacean,"Tolerance, Mechanistic, Osmoreg",223,45.98,229.89999999999998,Na+
Zooplankton,Urban/Indust,224,8.12,8.85,Cl-
Zooplankton,Urban/Indust,224,8.12,8.85,Cl-
Zooplankton,Urban/Indust,224,8.12,8.85,Cl-
Zooplankton,Urban/Indust,224,8.12,8.85,Cl-
Zooplankton,Urban/Indust,224,8.12,8.85,Cl-
Zooplankton,Urban/Indust,224,8.12,8.85,Cl-
Zooplankton,Urban/Indust,224,8.12,8.85,Cl-
Zooplankton,Urban/Indust,224,8.12,8.85,Cl-
Zooplankton,Urban/Indust,224,8.12,8.85,Cl-
Zooplankton,Urban/Indust,224,8.12,8.85,Cl-
Zooplankton,Urban/Indust,224,8.12,8.85,Cl-
Insect,Road Salts,228,0.05,2165,NaCl
Mollusca,Energy Extraction,242,49.19,140.01,Ca2+
Mollusca,Energy Extraction,242,49.19,140.01,Ca2+
Mollusca,Energy Extraction,242,27,68.67,Mg:Ca ratio
Mollusca,Energy Extraction,242,27,68.67,Mg:Ca ratio
Mollusca,Energy Extraction,242,49.19,140.01,Ca2+
Mollusca,Energy Extraction,242,27,68.67,Mg:Ca ratio
Mollusca,Energy Extraction,242,49.19,140.01,Ca2+
Mollusca,"Tolerance, Mechanistic, Osmoreg",243,4.6085,389.95000000000005,Cl-
Mollusca,"Tolerance, Mechanistic, Osmoreg",243,4.6085,389.95000000000005,Cl-
Mollusca,"Tolerance, Mechanistic, Osmoreg",243,4.6085,389.95000000000005,Cl-
Mollusca,"Tolerance, Mechanistic, Osmoreg",243,2.9886999999999997,275.88,Na+
Mollusca,"Tolerance, Mechanistic, Osmoreg",243,2.9886999999999997,275.88,Na+
Mollusca,"Tolerance, Mechanistic, Osmoreg",243,2.9886999999999997,114.94999999999999,Na+
Mollusca,"Tolerance, Mechanistic, Osmoreg",243,2.9886999999999997,114.94999999999999,Na+
Mollusca,"Tolerance, Mechanistic, Osmoreg",243,2.9886999999999997,275.88,Na+
Mollusca,"Tolerance, Mechanistic, Osmoreg",243,2.9886999999999997,275.88,Na+
Insect,Urban/Indust,246,0.034,0.232,Cl-
Insect,Urban/Indust,246,0.034,0.232,Cl-
Insect,Urban/Indust,246,0.034,0.232,Cl-
Insect,Urban/Indust,246,0.034,0.232,Cl-
"non-insect, non-arthropod",Urban/Indust,246,0.034,0.232,Cl-
Insect,Urban/Indust,246,0.034,0.232,Cl-
Insect,Urban/Indust,246,0.034,0.232,Cl-
Insect,Urban/Indust,246,0.034,0.232,Cl-
Insect,Urban/Indust,246,0.034,0.232,Cl-
"non-insect, non-arthropod",Urban/Indust,246,0.034,0.232,Cl-
"non-insect, non-arthropod",Urban/Indust,246,0.034,0.232,Cl-
"non-insect, non-arthropod",Urban/Indust,246,0.034,0.232,Cl-
"non-insect, non-arthropod",Urban/Indust,246,0.034,0.232,Cl-
"non-insect, non-arthropod",Urban/Indust,246,0.034,0.232,Cl-
Insect,Urban/Indust,246,0.034,0.232,Cl-
Fish,Agriculture,247,6,309,CaCO3
Fish,Agriculture,247,6,309,CaCO3
Mollusca,"Tolerance, Mechanistic, Osmoreg",249,2.16432,108.6168,Ca2+
Mollusca,"Tolerance, Mechanistic, Osmoreg",249,2.6052,40.08,Ca2+
Fish,"Tolerance, Mechanistic, Osmoreg",250,1.7725000000000002,26.587500000000002,Cl-
Fish,"Tolerance, Mechanistic, Osmoreg",250,1.7725000000000002,26.587500000000002,Cl-
Fish,"Tolerance, Mechanistic, Osmoreg",250,1.1495,13.793999999999999,Na+
Fish,"Tolerance, Mechanistic, Osmoreg",250,1.1495,13.793999999999999,Na+
Fish,Invasive Spp,251,200,80000,NaCl
Fish,Invasive Spp,251,200,35000,NaCl
Fish,Invasive Spp,252,200,20000,NaCl
Fish,Invasive Spp,252,200,20000,NaCl
Fish,Invasive Spp,252,200,20000,NaCl
Fish,Invasive Spp,252,200,20000,NaCl
Fish,Invasive Spp,252,200,20000,NaCl
Fish,Invasive Spp,252,200,20000,NaCl
Fish,Invasive Spp,253,200,20000,NaCl
Fish,Invasive Spp,253,200,20000,NaCl
Fish,Invasive Spp,254,200,20000,NaCl
Fish,Invasive Spp,254,200,20000,NaCl
Fish,Invasive Spp,258,300,200,NaCl
Fish,Invasive Spp,258,400,200,NaCl
Fish,Invasive Spp,259,200,200,NaCl
Fish,Invasive Spp,259,200,200,NaCl
Mollusca,Anthropogenic: Multiple sources,266,0.018,0.831,NO3-
Mollusca,Anthropogenic: Multiple sources,266,0.018,0.831,NO3-
Mollusca,Anthropogenic: Multiple sources,266,0.018,0.831,NO3-
Mollusca,Anthropogenic: Multiple sources,266,0.018,0.831,NO3-
Zooplankton,Anthropogenic: Multiple sources,272,0,4500,NaCl
Zooplankton,Anthropogenic: Multiple sources,272,0,4000,NaCl
Zooplankton,Anthropogenic: Multiple sources,272,0,3000,NaCl
Zooplankton,Anthropogenic: Multiple sources,272,0,3000,NaCl
Zooplankton,Anthropogenic: Multiple sources,272,0,3000,NaCl
Zooplankton,Anthropogenic: Multiple sources,272,0,4500,NaCl
Zooplankton,Anthropogenic: Multiple sources,272,0,4500,NaCl
Zooplankton,Anthropogenic: Multiple sources,272,0,4500,NaCl
Zooplankton,Anthropogenic: Multiple sources,272,0,4000,NaCl
Zooplankton,Anthropogenic: Multiple sources,272,0,4000,NaCl
Insect,Energy Extraction,295,31,1286,Cl-
Insect,Energy Extraction,295,31,1286,Cl-
Insect,Energy Extraction,295,31,1286,Cl-
Insect,Energy Extraction,295,31,1286,Cl-
Insect,Energy Extraction,295,31,1286,Cl-
Insect,Energy Extraction,295,31,1286,Cl-
Insect,Energy Extraction,295,31,1286,Cl-
Insect,Energy Extraction,295,31,1286,Cl-
Insect,Energy Extraction,295,31,1286,Cl-
Fish,Aquaculture,296,0,4000,NaCl
Fish,Aquaculture,296,0,4000,"NaCl, NaSO4"
Fish,Aquaculture,296,0,4000,NaCl
Fish,Aquaculture,296,0,4000,"NaCl, NaSO3"
Fish,Aquaculture,296,0,4000,NaCl
Fish,Aquaculture,296,0,4000,NaCl
Fish,Aquaculture,296,0,4000,"NaCl, NaSO3"
Fish,Aquaculture,296,0,4000,NaCl
Fish,Aquaculture,296,0,4000,NaCl
Fish,Aquaculture,304,233.76,2922,NaCl
Fish,Aquaculture,304,233.76,2922,NaCl
Fish,Aquaculture,304,233.76,2922,NaCl
Fish,Aquaculture,304,233.76,2922,NaCl
Fish,Aquaculture,304,1461,4383,NaCl
Fish,Aquaculture,304,1461,4383,NaCl
Fish,Aquaculture,304,1461,4383,NaCl
Fish,Aquaculture,304,1461,4383,NaCl
Fish,Aquaculture,304,233.76,2922,NaCl
Fish,Aquaculture,304,233.76,2922,NaCl
Fish,Aquaculture,304,1461,4383,NaCl
Fish,Aquaculture,304,1461,4383,NaCl
amphibian,Road Salts,307,4.3,586,NaCl
amphibian,Road Salts,307,4.3,586,NaCl
amphibian,Road Salts,307,4.3,586,NaCl
amphibian,Road Salts,307,4.3,586,NaCl
amphibian,Road Salts,307,4.3,586,NaCl
amphibian,Road Salts,307,4.3,586,NaCl
amphibian,Road Salts,307,8,4600,NaCl
amphibian,Road Salts,307,8,6100,NaCl
amphibian,Road Salts,307,8,6100,NaCl
amphibian,Road Salts,307,8,6100,NaCl
amphibian,Road Salts,307,8,6100,NaCl
Crustacean,Road Salts,315,10,6000,Cl-
Crustacean,Road Salts,315,10,6000,Cl-
Insect,Road Salts,315,10,6000,Cl-
Insect,Road Salts,315,10,6000,Cl-
Insect,Road Salts,315,10,6000,Cl-
Mollusca,Road Salts,315,10,6000,Cl-
Mollusca,Road Salts,315,10,2000,Cl-
Crustacean,Road Salts,315,10,2000,Cl-
Mollusca,Anthropogenic: Multiple sources,319,100,3000,NaCl
Mollusca,Anthropogenic: Multiple sources,319,100,2000,NaCl
Mollusca,Anthropogenic: Multiple sources,319,100,2000,NaCl
Mollusca,Anthropogenic: Multiple sources,319,100,2000,NaCl
Mollusca,Anthropogenic: Multiple sources,319,100,3000,NaCl
Mollusca,Anthropogenic: Multiple sources,319,100,3000,NaCl
Mollusca,Anthropogenic: Multiple sources,319,100,6000,NaCl
Mollusca,Agriculture,320,250,8000,NaCl
Mollusca,Agriculture,320,250,8000,NaCl
Mollusca,Agriculture,320,250,8000,NaCl
Mollusca,Agriculture,320,250,8000,NaCl
Mollusca,Agriculture,320,250,8000,NaCl
Mollusca,Agriculture,320,250,8000,NaCl
Mollusca,Agriculture,320,250,8000,NaCl
Mollusca,Agriculture,320,250,8000,NaCl
Mollusca,Agriculture,320,250,8000,NaCl
Mollusca,Agriculture,320,250,8000,NaCl
Mollusca,Agriculture,320,500,8000,NaCl
Mollusca,Agriculture,320,500,8000,NaCl
Mollusca,Agriculture,320,500,8000,NaCl
Mollusca,Road Salts,321,100,8000,NaCl
Mollusca,Road Salts,321,100,8000,NaCl
Mollusca,Road Salts,321,100,8000,NaCl
Mollusca,Road Salts,321,100,8000,NaCl
Insect,Energy Extraction,322,5.06,74.72,mixture (sodium)
Insect,Energy Extraction,322,5.06,74.72,mixture (sodium)
Insect,Energy Extraction,322,5.06,74.72,mixture (sodium)
"non-insect, non-arthropod",1,328,55,191,Ca2+
"non-insect, non-arthropod",1,328,55,191,Ca2+
"non-insect, non-arthropod",1,328,55,191,Ca2+
"non-insect, non-arthropod",1,328,55,191,Ca2+
"non-insect, non-arthropod",1,328,55,191,Ca2+
"non-insect, non-arthropod",1,328,55,191,Ca2+
"non-insect, non-arthropod",1,328,55,191,Ca2+
"non-insect, non-arthropod",1,328,55,191,Ca2+
"non-insect, non-arthropod",1,328,55,191,Ca2+
"non-insect, non-arthropod",1,328,55,191,Ca2+
Zooplankton,Energy Extraction,330,35,451,total ions
Zooplankton,Energy Extraction,330,35,451,total ions
Mollusca,"Tolerance, Mechanistic, Osmoreg",332,15,651,NaCl
Mollusca,"Tolerance, Mechanistic, Osmoreg",332,15,676,NaCl
Mollusca,"Tolerance, Mechanistic, Osmoreg",332,11,614,NaCl
Mollusca,"Tolerance, Mechanistic, Osmoreg",332,15,651,NaCl
Mollusca,"Tolerance, Mechanistic, Osmoreg",332,15,676,NaCl
Mollusca,"Tolerance, Mechanistic, Osmoreg",332,15,676,NaCl
Mollusca,"Tolerance, Mechanistic, Osmoreg",332,11,614,NaCl
Mollusca,"Tolerance, Mechanistic, Osmoreg",332,15,676,NaCl
Mollusca,"Tolerance, Mechanistic, Osmoreg",332,15,676,NaCl
Mollusca,"Tolerance, Mechanistic, Osmoreg",332,11,618,NaCl
Mollusca,"Tolerance, Mechanistic, Osmoreg",332,11,632,NaCl
Mollusca,"Tolerance, Mechanistic, Osmoreg",332,11,632,NaCl
Mollusca,"Tolerance, Mechanistic, Osmoreg",332,1.1,103,KCl
Mollusca,"Tolerance, Mechanistic, Osmoreg",332,1.1,103,KCl
Mollusca,"Tolerance, Mechanistic, Osmoreg",332,15,676,NaCl
Mollusca,"Tolerance, Mechanistic, Osmoreg",332,11,618,NaCl
Mollusca,"Tolerance, Mechanistic, Osmoreg",332,15,676,NaCl
Mollusca,"Tolerance, Mechanistic, Osmoreg",332,15,676,NaCl
Mollusca,"Tolerance, Mechanistic, Osmoreg",332,1.1,103,KCl
Mollusca,"Tolerance, Mechanistic, Osmoreg",332,1.1,103,KCl
Mollusca,"Tolerance, Mechanistic, Osmoreg",332,11,632,NaCl
Mollusca,"Tolerance, Mechanistic, Osmoreg",332,15,651,NaCl
Mollusca,"Tolerance, Mechanistic, Osmoreg",332,11,618,NaCl
Mollusca,"Tolerance, Mechanistic, Osmoreg",332,11,632,NaCl
Mollusca,"Tolerance, Mechanistic, Osmoreg",332,15,676,NaCl
Mollusca,"Tolerance, Mechanistic, Osmoreg",332,15,676,NaCl
Mollusca,"Tolerance, Mechanistic, Osmoreg",332,11,614,NaCl
Mollusca,"Tolerance, Mechanistic, Osmoreg",332,15,676,NaCl
Mollusca,"Tolerance, Mechanistic, Osmoreg",332,11,632,NaCl
Mollusca,"Tolerance, Mechanistic, Osmoreg",332,11,632,NaCl
Mollusca,"Tolerance, Mechanistic, Osmoreg",332,15,676,NaCl
Mollusca,"Tolerance, Mechanistic, Osmoreg",332,15,651,NaCl
Mollusca,"Tolerance, Mechanistic, Osmoreg",332,11,618,NaCl
Mollusca,"Tolerance, Mechanistic, Osmoreg",332,1.1,103,KCl
Mollusca,"Tolerance, Mechanistic, Osmoreg",332,1.1,103,KCl
Mollusca,"Tolerance, Mechanistic, Osmoreg",332,15,676,NaCl
Mollusca,"Tolerance, Mechanistic, Osmoreg",332,15,676,NaCl
Mollusca,"Tolerance, Mechanistic, Osmoreg",332,11,614,NaCl
Mollusca,"Tolerance, Mechanistic, Osmoreg",332,15,676,NaCl
Mollusca,"Tolerance, Mechanistic, Osmoreg",332,15,651,NaCl
Mollusca,"Tolerance, Mechanistic, Osmoreg",332,11,618,NaCl
Mollusca,"Tolerance, Mechanistic, Osmoreg",332,11,614,NaCl
Mollusca,"Tolerance, Mechanistic, Osmoreg",332,15,676,NaCl
Mollusca,"Tolerance, Mechanistic, Osmoreg",332,15,676,NaCl
Mollusca,"Tolerance, Mechanistic, Osmoreg",332,15,676,NaCl
Mollusca,"Tolerance, Mechanistic, Osmoreg",332,15,676,NaCl
Mollusca,"Tolerance, Mechanistic, Osmoreg",332,11,632,NaCl
Mollusca,"Tolerance, Mechanistic, Osmoreg",332,11,632,NaCl
Mollusca,"Tolerance, Mechanistic, Osmoreg",332,15,676,NaCl
Mollusca,"Tolerance, Mechanistic, Osmoreg",332,15,651,NaCl
Mollusca,"Tolerance, Mechanistic, Osmoreg",332,11,618,NaCl
Mollusca,"Tolerance, Mechanistic, Osmoreg",332,1.1,103,KCl
Mollusca,"Tolerance, Mechanistic, Osmoreg",332,1.1,103,KCl
Mollusca,"Tolerance, Mechanistic, Osmoreg",332,15,676,NaCl
Mollusca,"Tolerance, Mechanistic, Osmoreg",332,15,676,NaCl
Mollusca,"Tolerance, Mechanistic, Osmoreg",332,11,614,NaCl
amphibian,Energy Extraction,334,0,6000,NaCl
amphibian,Energy Extraction,334,0,6000,NaCl
amphibian,Energy Extraction,334,0,6000,NaCl
amphibian,Energy Extraction,334,0,6000,NaCl
amphibian,Energy Extraction,334,0,10000,NaCl
Insect,Agriculture,336,1.79,7.93,NO3-
Insect,Agriculture,336,0.005,0.23,NH4+
Insect,Agriculture,336,0.005,0.23,NH4+
Insect,Anthropogenic: Multiple sources,339,10,30,NaCl
Insect,Anthropogenic: Multiple sources,339,10,88,NaCl
Insect,Anthropogenic: Multiple sources,339,10,141,NaCl
Insect,Anthropogenic: Multiple sources,339,10,205,NaCl
Insect,Anthropogenic: Multiple sources,339,10,31,Na2SO4
Insect,Anthropogenic: Multiple sources,339,10,88,Na2SO4
Insect,Anthropogenic: Multiple sources,339,10,142,Na2SO4
Insect,Anthropogenic: Multiple sources,339,10,210,Na2SO4
Insect,Anthropogenic: Multiple sources,339,10,30,K2SO4
Insect,Anthropogenic: Multiple sources,339,10,87,K2SO4
Insect,Anthropogenic: Multiple sources,339,10,141,K2SO4
Insect,Anthropogenic: Multiple sources,339,10,205,K2SO4
Insect,Anthropogenic: Multiple sources,339,10,212,K2SO4
Insect,Anthropogenic: Multiple sources,339,10,28,MgSO4
Insect,Anthropogenic: Multiple sources,339,10,86,MgSO4
Insect,Anthropogenic: Multiple sources,339,10,140,MgSO4
Insect,Anthropogenic: Multiple sources,339,10,212,MgSO4
Insect,Anthropogenic: Multiple sources,339,10,95,NaCl
Insect,Anthropogenic: Multiple sources,339,10,93,NaCl
Insect,Anthropogenic: Multiple sources,339,10,94,Na2SO4
Insect,Anthropogenic: Multiple sources,339,10,93,Na2SO4
Insect,Anthropogenic: Multiple sources,339,10,95,K2SO4
Insect,Anthropogenic: Multiple sources,339,10,93,K2SO4
Insect,Anthropogenic: Multiple sources,339,10,95,MgSO4
Insect,Anthropogenic: Multiple sources,339,10,94,MgSO4
Insect,Anthropogenic: Multiple sources,339,10,93,KCl
Insect,Anthropogenic: Multiple sources,339,10,92,KCl
Insect,Anthropogenic: Multiple sources,339,10,92,NaCl
Insect,Anthropogenic: Multiple sources,339,10,94,NaCl
Insect,Anthropogenic: Multiple sources,339,10,91,NaCl
Insect,Anthropogenic: Multiple sources,339,10,30,NaCl
Insect,Anthropogenic: Multiple sources,339,10,88,NaCl
Insect,Anthropogenic: Multiple sources,339,10,141,NaCl
Insect,Anthropogenic: Multiple sources,339,10,205,NaCl
Insect,Anthropogenic: Multiple sources,339,10,31,Na2SO4
Insect,Anthropogenic: Multiple sources,339,10,88,Na2SO4
Insect,Anthropogenic: Multiple sources,339,10,142,Na2SO4
Insect,Anthropogenic: Multiple sources,339,10,210,Na2SO4
Insect,Anthropogenic: Multiple sources,339,10,30,K2SO4
Insect,Anthropogenic: Multiple sources,339,10,87,K2SO4
Insect,Anthropogenic: Multiple sources,339,10,141,K2SO4
Insect,Anthropogenic: Multiple sources,339,10,205,K2SO4
Insect,Anthropogenic: Multiple sources,339,10,212,K2SO4
Insect,Anthropogenic: Multiple sources,339,10,28,MgSO4
Insect,Anthropogenic: Multiple sources,339,10,86,MgSO4
Insect,Anthropogenic: Multiple sources,339,10,140,MgSO4
Insect,Anthropogenic: Multiple sources,339,10,212,MgSO4
Insect,Anthropogenic: Multiple sources,339,10,95,NaCl
Insect,Anthropogenic: Multiple sources,339,10,93,NaCl
Insect,Anthropogenic: Multiple sources,339,10,94,Na2SO4
Insect,Anthropogenic: Multiple sources,339,10,93,Na2SO4
Insect,Anthropogenic: Multiple sources,339,10,95,K2SO4
Insect,Anthropogenic: Multiple sources,339,10,93,K2SO4
Insect,Anthropogenic: Multiple sources,339,10,95,MgSO4
Insect,Anthropogenic: Multiple sources,339,10,94,MgSO4
Insect,Anthropogenic: Multiple sources,339,10,93,KCl
Insect,Anthropogenic: Multiple sources,339,10,92,KCl
Insect,Anthropogenic: Multiple sources,339,10,92,NaCl
Insect,Anthropogenic: Multiple sources,339,10,94,NaCl
Insect,Anthropogenic: Multiple sources,339,10,91,NaCl
Mollusca,Anthropogenic: Multiple sources,342,39.2,56.1,Ca2+
Mollusca,Anthropogenic: Multiple sources,342,39.2,56.1,Ca2+
Mollusca,Anthropogenic: Multiple sources,342,39.2,56.1,Ca2+
Mollusca,Anthropogenic: Multiple sources,342,39.2,56.1,Ca2+
Mollusca,Anthropogenic: Multiple sources,342,39.2,56.1,Ca2+
Mollusca,Anthropogenic: Multiple sources,342,39.2,56.1,Ca2+
Mollusca,Anthropogenic: Multiple sources,342,39.2,56.1,Ca2+
Mollusca,Anthropogenic: Multiple sources,342,39.2,56.1,Ca2+
Mollusca,Anthropogenic: Multiple sources,342,39.2,56.1,Ca2+
Mollusca,Anthropogenic: Multiple sources,342,39.2,56.1,Ca2+
Mollusca,Anthropogenic: Multiple sources,342,39.2,56.1,Ca2+
Mollusca,Anthropogenic: Multiple sources,342,39.2,56.1,Ca2+
Mollusca,Anthropogenic: Multiple sources,342,39.2,56.1,Ca2+
Zooplankton,Climate/Intrusion,344,20,1000,Cl-
Zooplankton,Climate/Intrusion,344,20,1000,Cl-
Zooplankton,Climate/Intrusion,344,20,1000,Cl-
Zooplankton,Climate/Intrusion,344,20,1000,Cl-
Zooplankton,Climate/Intrusion,344,20,1000,Cl-
Zooplankton,Climate/Intrusion,344,20,1000,Cl-
Zooplankton,Climate/Intrusion,344,20,1000,Cl-
Zooplankton,Climate/Intrusion,344,20,1000,Cl-
Zooplankton,Climate/Intrusion,344,20,3000,Cl-
Zooplankton,Climate/Intrusion,344,20,3000,Cl-
Zooplankton,Climate/Intrusion,344,20,3000,Cl-
Zooplankton,Climate/Intrusion,344,20,3000,Cl-
Zooplankton,Climate/Intrusion,344,20,3000,Cl-
Zooplankton,Climate/Intrusion,344,20,3000,Cl-
Zooplankton,Climate/Intrusion,344,20,3000,Cl-
Zooplankton,Climate/Intrusion,344,20,3000,Cl-
Zooplankton,Climate/Intrusion,344,20,1000,Cl-
Zooplankton,Climate/Intrusion,344,20,1000,Cl-
Zooplankton,Climate/Intrusion,344,20,1000,Cl-
Zooplankton,Climate/Intrusion,344,20,1000,Cl-
Zooplankton,Climate/Intrusion,344,20,1000,Cl-
Zooplankton,Climate/Intrusion,344,20,1000,Cl-
Zooplankton,Climate/Intrusion,344,20,1000,Cl-
Zooplankton,Climate/Intrusion,344,20,1000,Cl-
"non-insect, non-arthropod","Tolerance, Mechanistic, Osmoreg",346,2000,15000,NaCl
Zooplankton,"Tolerance, Mechanistic, Osmoreg",352,0,12000,NaCl
Zooplankton,"Tolerance, Mechanistic, Osmoreg",352,0,12000,NaCl
Zooplankton,"Tolerance, Mechanistic, Osmoreg",352,0,12000,NaCl
Zooplankton,"Tolerance, Mechanistic, Osmoreg",352,0,12000,NaCl
Insect,"Tolerance, Mechanistic, Osmoreg",368,0,27759,NaCl
Insect,"Tolerance, Mechanistic, Osmoreg",368,0,9655.8,Na+
Insect,Urban/Indust,370,20,135,CaCO3
Insect,Urban/Indust,370,20,135,CaCO3
Crustacean,Road Salts,374,250,2188,MgCl2
Crustacean,Road Salts,374,250,2188,MgCl2
Crustacean,Road Salts,374,250,4367,NaCl
Crustacean,Road Salts,374,250,4367,NaCl
Crustacean,Road Salts,374,250,4367,NaCl
Mollusca,Road Salts,374,250,4367,NaCl
Mollusca,Road Salts,374,250,4367,NaCl
Mollusca,Road Salts,374,250,2188,MgCl2
Mollusca,Road Salts,374,250,3559,CaCl2
Mollusca,Road Salts,374,250,2188,MgCl2
Mollusca,Road Salts,374,250,2188,MgCl2
Mollusca,Road Salts,374,250,4367,NaCl
Mollusca,Road Salts,374,250,4367,NaCl
Mollusca,Road Salts,374,250,2188,MgCl2
Mollusca,Road Salts,374,250,4367,NaCl
Zooplankton,Road Salts,374,250,4367,NaCl
Zooplankton,Road Salts,374,250,4367,NaCl
Zooplankton,Road Salts,374,250,3559,CaCl2
Crustacean,Road Salts,374,250,2188,MgCl2
Crustacean,Road Salts,374,250,3559,CaCl2
Crustacean,Road Salts,374,250,3559,CaCl2
Crustacean,Road Salts,374,250,3559,CaCl2
Mollusca,Road Salts,374,250,4367,NaCl
Mollusca,Road Salts,374,250,2188,MgCl2
Mollusca,Road Salts,374,250,3559,CaCl2
Mollusca,Road Salts,374,250,3559,CaCl2
Mollusca,Road Salts,374,250,3559,CaCl2
Mollusca,Road Salts,374,250,2188,MgCl2
Zooplankton,Road Salts,374,250,2188,MgCl2
Zooplankton,Road Salts,374,250,4367,NaCl
Zooplankton,Road Salts,374,250,2188,MgCl2
Zooplankton,Road Salts,374,250,2188,MgCl2
Zooplankton,Road Salts,374,250,3559,CaCl2
Zooplankton,Road Salts,374,250,3559,CaCl2
Mollusca,Road Salts,374,250,3559,CaCl2
Mollusca,Road Salts,374,250,3559,CaCl2
Crustacean,Energy Extraction,375,0,32000,MgSO4
Crustacean,Energy Extraction,375,0,32000,NaSO4
Crustacean,Energy Extraction,375,0,32000,CaSO4
Fish,Energy Extraction,375,0,32000,MgSO4
Fish,Energy Extraction,375,0,32000,NaSO4
Fish,Energy Extraction,375,0,32000,CaSO4
Insect,Energy Extraction,375,0,32000,MgSO4
Insect,Energy Extraction,375,0,32000,NaSO4
Insect,Energy Extraction,375,0,32000,CaSO4
Mollusca,Energy Extraction,375,0,32000,MgSO4
Mollusca,Energy Extraction,375,0,32000,NaSO4
Mollusca,Energy Extraction,375,0,32000,CaSO4
Insect,"Tolerance, Mechanistic, Osmoreg",385,7012.799999999999,9934.8,NaCl
Insect,"Tolerance, Mechanistic, Osmoreg",385,7012.799999999999,19285.2,NaCl
Insect,1,386,5.63,8.02,Cl-
Insect,1,386,5.63,8.02,Cl-
Insect,1,386,5.63,8.02,Cl-
Insect,1,386,5.63,8.02,Cl-
Insect,1,387,2.43,11.06,Cl-
Insect,1,387,2.43,11.06,Cl-
Insect,1,387,2.43,11.06,Cl-
Insect,1,387,2.43,11.06,Cl-
Insect,1,387,2.43,11.06,Cl-
Insect,1,387,2.43,11.06,Cl-
Insect,1,387,2.43,11.06,Cl-
Insect,1,387,2.43,11.06,Cl-
Insect,1,387,2.43,11.06,Cl-
Insect,1,387,2.43,11.06,Cl-
Insect,1,387,2.43,11.06,Cl-
Insect,1,387,2.43,11.06,Cl-
Insect,1,387,2.43,11.06,Cl-
Insect,1,387,2.43,11.06,Cl-
Insect,1,387,2.43,11.06,Cl-
Insect,1,387,2.43,11.06,Cl-
Insect,1,387,2.43,11.06,Cl-
Insect,1,387,2.43,11.06,Cl-
Insect,1,387,2.43,11.06,Cl-
Insect,1,387,2.43,11.06,Cl-
Zooplankton,Urban/Indust,392,0,16.4,NO3-
Zooplankton,Urban/Indust,392,0,16.4,NO3-
Zooplankton,Urban/Indust,392,0,16.4,NO3-
Zooplankton,Urban/Indust,392,0,16.4,NO3-
Zooplankton,Urban/Indust,393,0,440,NaCl
Zooplankton,Urban/Indust,393,0,440,NaCl
Zooplankton,Urban/Indust,393,0,440,NaCl
Zooplankton,Urban/Indust,393,0,440,NaCl
Zooplankton,Urban/Indust,393,0,440,NaCl
Zooplankton,Urban/Indust,393,0,440,NaCl
Zooplankton,Urban/Indust,393,0,440,NaCl
Zooplankton,Urban/Indust,393,0,440,NaCl
Zooplankton,Urban/Indust,393,0,440,NaCl
Zooplankton,Urban/Indust,393,0,440,NaCl
Zooplankton,Urban/Indust,393,0,440,NaCl
Zooplankton,Urban/Indust,393,0,440,NaCl
Zooplankton,Urban/Indust,393,0,440,NaCl
Zooplankton,Urban/Indust,393,0,440,NaCl
Zooplankton,Urban/Indust,393,0,440,NaCl
Zooplankton,Urban/Indust,393,0,440,NaCl
Zooplankton,Urban/Indust,393,0,440,NaCl
Zooplankton,Urban/Indust,393,0,440,NaCl
Zooplankton,Urban/Indust,393,0,440,NaCl
Zooplankton,Urban/Indust,393,0,440,NaCl
Zooplankton,Urban/Indust,393,0,440,NaCl
Zooplankton,Urban/Indust,393,0,440,NaCl
Zooplankton,Urban/Indust,393,0,440,NaCl
Zooplankton,Urban/Indust,393,0,440,NaCl
Zooplankton,Urban/Indust,393,0,440,NaCl
Zooplankton,Urban/Indust,393,0,440,NaCl
Zooplankton,Urban/Indust,393,0,440,NaCl
Zooplankton,Urban/Indust,393,0,440,NaCl
Zooplankton,Urban/Indust,393,0,440,NaCl
Zooplankton,Urban/Indust,393,0,440,NaCl
Zooplankton,Urban/Indust,393,0,440,NaCl
Zooplankton,Urban/Indust,393,0,440,NaCl
Zooplankton,Urban/Indust,393,0,440,NaCl
Zooplankton,Urban/Indust,393,0,440,NaCl
Zooplankton,Urban/Indust,393,0,440,NaCl
Zooplankton,Urban/Indust,393,0,440,NaCl
Zooplankton,Urban/Indust,393,0,440,NaCl
Zooplankton,Urban/Indust,393,0,440,NaCl
Zooplankton,Urban/Indust,393,0,440,NaCl
Zooplankton,Urban/Indust,393,0,2540,Artifical Seawater
Zooplankton,Urban/Indust,393,0,2660,NaCl
Zooplankton,Urban/Indust,393,0,2660,NaCl
Zooplankton,Urban/Indust,393,0,2540,Artifical Seawater
Zooplankton,Urban/Indust,393,0,2660,NaCl
Zooplankton,Urban/Indust,393,0,2540,Artifical Seawater
Zooplankton,Urban/Indust,393,0,440,NaCl
Zooplankton,Urban/Indust,393,0,2660,NaCl
Zooplankton,Urban/Indust,393,0,2540,Artifical Seawater
Zooplankton,Urban/Indust,393,0,2660,NaCl
Zooplankton,Urban/Indust,393,0,2540,Artifical Seawater
Zooplankton,Urban/Indust,393,0,4420,salt water intrusion
Insect,Climate/Intrusion,397,0,15,NH4+
Insect,Climate/Intrusion,397,0,15,NH4+
Insect,Climate/Intrusion,397,0,15,NH4+
Insect,Climate/Intrusion,397,0,15,NH4+
Insect,Climate/Intrusion,397,0,15,NH4+
Crustacean,"Tolerance, Mechanistic, Osmoreg",399,100,25600,NaCl
Crustacean,"Tolerance, Mechanistic, Osmoreg",399,100,25600,NaCl
Crustacean,"Tolerance, Mechanistic, Osmoreg",400,10,1000,NaCl
Crustacean,"Tolerance, Mechanistic, Osmoreg",400,10,1000,NaCl
Crustacean,"Tolerance, Mechanistic, Osmoreg",405,0,30000,NaCl
Crustacean,"Tolerance, Mechanistic, Osmoreg",405,0,30000,NaCl
Crustacean,"Tolerance, Mechanistic, Osmoreg",405,0,30000,NaCl
Crustacean,"Tolerance, Mechanistic, Osmoreg",405,0,30000,NaCl
Crustacean,"Tolerance, Mechanistic, Osmoreg",405,0,30000,NaCl
Crustacean,"Tolerance, Mechanistic, Osmoreg",405,0,30000,NaCl
Crustacean,"Tolerance, Mechanistic, Osmoreg",405,0,30000,NaCl
Crustacean,"Tolerance, Mechanistic, Osmoreg",405,0,30000,NaCl
Crustacean,"Tolerance, Mechanistic, Osmoreg",405,0,30000,NaCl
Crustacean,"Tolerance, Mechanistic, Osmoreg",405,0,30000,NaCl
Zooplankton,Urban/Indust,408,0,6000,NaCl
"non-insect, non-arthropod","Tolerance, Mechanistic, Osmoreg",413,0,13000,NaCl
"non-insect, non-arthropod","Tolerance, Mechanistic, Osmoreg",413,0,16000,NaCl
Zooplankton,Urban/Indust,414,2,52,NO3-
Insect,Agriculture,415,1.15,14.09,Ca2+
Crustacean,"Tolerance, Mechanistic, Osmoreg",422,1.7725000000000002,8.8625,Cl-
Crustacean,"Tolerance, Mechanistic, Osmoreg",422,1.7725000000000002,8.8625,Cl-
Crustacean,"Tolerance, Mechanistic, Osmoreg",422,1.7725000000000002,8.8625,Cl-
Crustacean,"Tolerance, Mechanistic, Osmoreg",422,1.7725000000000002,8.8625,Cl-
Crustacean,"Tolerance, Mechanistic, Osmoreg",422,1.1495,5.7475,Na+
Crustacean,"Tolerance, Mechanistic, Osmoreg",422,1.1495,5.7475,Na+
Crustacean,"Tolerance, Mechanistic, Osmoreg",422,1.1495,5.7475,Na+
Crustacean,"Tolerance, Mechanistic, Osmoreg",422,1.1495,5.7475,Na+
Zooplankton,Climate/Intrusion,430,100,600,Cl-
Zooplankton,Climate/Intrusion,430,100,600,Cl-
Zooplankton,Climate/Intrusion,430,100,600,Cl-
Zooplankton,Climate/Intrusion,430,100,600,Cl-
Zooplankton,Climate/Intrusion,430,100,600,Cl-
Zooplankton,Climate/Intrusion,430,100,600,Cl-
Zooplankton,Climate/Intrusion,430,100,1500,Cl-
Zooplankton,Climate/Intrusion,430,100,1500,Cl-
Zooplankton,Climate/Intrusion,430,100,1500,Cl-
Zooplankton,Climate/Intrusion,430,100,1500,Cl-
Fish,Energy Extraction,431,20,12800,SO4 2-
Insect,Energy Extraction,431,20,12800,SO4 2-
Zooplankton,Energy Extraction,431,20,3200,SO4 2-
Zooplankton,Energy Extraction,431,20,3200,SO4 2-
Mollusca,Energy Extraction,431,20,6400,SO4 2-
Fish,Energy Extraction,431,20,12800,SO4 2-
Insect,Energy Extraction,431,20,12800,SO4 2-
Zooplankton,Energy Extraction,431,20,3200,SO4 2-
Mollusca,Energy Extraction,431,20,6400,SO4 2-
Zooplankton,Energy Extraction,431,20,3200,SO4 2-
Zooplankton,Energy Extraction,431,20,3200,SO4 2-
Fish,Energy Extraction,431,20,12800,SO4 2-
Fish,Energy Extraction,431,20,12800,SO4 2-
Insect,Energy Extraction,431,20,12800,SO4 2-
Insect,Energy Extraction,431,20,12800,SO4 2-
Mollusca,Energy Extraction,431,20,6400,SO4 2-
Mollusca,Energy Extraction,431,20,6400,SO4 2-
Zooplankton,Energy Extraction,431,20,3200,SO4 2-
Zooplankton,Energy Extraction,431,20,3200,SO4 2-
Zooplankton,Energy Extraction,431,20,3200,SO4 2-
Mollusca,Energy Extraction,431,20,6400,SO4 2-
Fish,Energy Extraction,431,20,12800,SO4 2-
Zooplankton,Anthropogenic: Multiple sources,432,0,16,Cl-
Zooplankton,Anthropogenic: Multiple sources,432,0,3,Cl-
Zooplankton,Anthropogenic: Multiple sources,432,0,15,Cl-
Crustacean,Anthropogenic: Multiple sources,432,0,8,Cl-
Insect,Anthropogenic: Multiple sources,432,0,8,Cl-
"non-insect, non-arthropod",Anthropogenic: Multiple sources,432,0,8,Cl-
"non-insect, non-arthropod",Anthropogenic: Multiple sources,432,0,8,Cl-
Fish,Anthropogenic: Multiple sources,432,0,8,Cl-
Fish,Anthropogenic: Multiple sources,432,0,8,Cl-
Zooplankton,Anthropogenic: Multiple sources,432,0,16,Cl-
Zooplankton,Anthropogenic: Multiple sources,432,0,3,Cl-
Zooplankton,Anthropogenic: Multiple sources,432,0,15,Cl-
Crustacean,Anthropogenic: Multiple sources,432,0,8,Cl-
Insect,Anthropogenic: Multiple sources,432,0,8,Cl-
"non-insect, non-arthropod",Anthropogenic: Multiple sources,432,0,8,Cl-
"non-insect, non-arthropod",Anthropogenic: Multiple sources,432,0,8,Cl-
Fish,Anthropogenic: Multiple sources,432,0,8,Cl-
Fish,Anthropogenic: Multiple sources,432,0,16,Cl-
Zooplankton,Anthropogenic: Multiple sources,432,0,16,Cl-
Zooplankton,Anthropogenic: Multiple sources,432,0,16,Cl-
Zooplankton,Anthropogenic: Multiple sources,432,0,16,Cl-
Crustacean,Anthropogenic: Multiple sources,432,0,16,Cl-
Fish,Anthropogenic: Multiple sources,432,0,16,Cl-
Insect,Anthropogenic: Multiple sources,432,0,16,Cl-
"non-insect, non-arthropod",Anthropogenic: Multiple sources,432,0,16,Cl-
"non-insect, non-arthropod",Anthropogenic: Multiple sources,432,0,16,Cl-
Fish,Anthropogenic: Multiple sources,432,0,8,Cl-
Crustacean,Aquaculture,433,0,6000,NaCl
Crustacean,Aquaculture,433,0,6000,NaCl
Zooplankton,Urban/Indust,434,10,725,SO4 2-
Zooplankton,Urban/Indust,434,10,725,SO4 2-
Zooplankton,Urban/Indust,434,10,725,SO4 2-
Zooplankton,Urban/Indust,434,10,725,SO4 2-
Fish,Urban/Indust,434,10,725,SO4 2-
Fish,Urban/Indust,434,10,725,SO4 2-
Fish,Urban/Indust,434,10,725,SO4 2-
Fish,Urban/Indust,434,10,725,SO4 2-
Fish,Urban/Indust,434,10,725,SO4 2-
Fish,Urban/Indust,434,10,725,SO4 2-
Fish,Urban/Indust,434,10,725,SO4 2-
Fish,Urban/Indust,434,10,725,SO4 2-
Zooplankton,Urban/Indust,434,10,725,SO4 2-
Zooplankton,Urban/Indust,434,10,725,SO4 2-
Zooplankton,Urban/Indust,434,10,725,SO4 2-
Zooplankton,Urban/Indust,434,10,725,SO4 2-
Zooplankton,Urban/Indust,434,10,725,SO4 2-
Zooplankton,Urban/Indust,434,10,725,SO4 2-
Zooplankton,Urban/Indust,434,10,725,SO4 2-
Zooplankton,Urban/Indust,434,10,725,SO4 2-
Crustacean,Urban/Indust,434,10,725,SO4 2-
Crustacean,Urban/Indust,434,10,725,SO4 2-
amphibian,Urban/Indust,434,10,725,SO4 2-
amphibian,Urban/Indust,434,10,725,SO4 2-
amphibian,Urban/Indust,434,10,725,SO4 2-
amphibian,Urban/Indust,434,10,725,SO4 2-
Fish,Urban/Indust,434,10,725,SO4 2-
Fish,Urban/Indust,434,10,725,SO4 2-
amphibian,Agriculture,436,140,5600,NaCl
amphibian,Agriculture,436,140,5600,NaCl
amphibian,Agriculture,436,140,5600,NaCl
amphibian,Anthropogenic: Multiple sources,439,2000,350000,NaCl
amphibian,Anthropogenic: Multiple sources,439,2000,350000,NaCl
amphibian,Anthropogenic: Multiple sources,439,2000,350000,NaCl
amphibian,Anthropogenic: Multiple sources,439,2000,350000,NaCl
amphibian,Anthropogenic: Multiple sources,439,2000,350000,NaCl
amphibian,Anthropogenic: Multiple sources,439,2000,350000,NaCl
amphibian,Agriculture,443,140,5250,NaCl
amphibian,Agriculture,443,140,5250,NaCl
amphibian,Agriculture,443,140,5250,NaCl
amphibian,Road Salts,454,0,9000,NaCl
amphibian,Road Salts,454,0,9000,NaCl
amphibian,Road Salts,454,0,11000,NaCl
amphibian,Road Salts,454,0,11000,NaCl
amphibian,Road Salts,454,0,9000,NaCl
amphibian,Road Salts,454,0,11000,NaCl
amphibian,Road Salts,454,0,11000,NaCl
amphibian,Road Salts,454,0,9000,NaCl
amphibian,Road Salts,454,0,7000,NaCl
amphibian,Road Salts,454,0,7000,NaCl
amphibian,Road Salts,454,0,13000,NaCl
amphibian,Road Salts,454,0,13000,NaCl
amphibian,Road Salts,455,0.39,9750,NaCl
amphibian,Road Salts,455,0.39,1030,NaCl
amphibian,Road Salts,455,0.39,1030,NaCl
amphibian,Road Salts,455,0.39,9750,NaCl
amphibian,Road Salts,455,0.39,1030,NaCl
amphibian,Road Salts,455,0.39,9750,NaCl
amphibian,Road Salts,461,0,8,mixture
amphibian,Road Salts,461,0,8,mixture
amphibian,Road Salts,461,0,8,mixture
amphibian,Road Salts,461,0,8,mixture
amphibian,Road Salts,466,0,5.6,NaCl
Zooplankton,Urban/Indust,469,7,15,NO3-
Zooplankton,Urban/Indust,469,110,200,sulfite
Zooplankton,Urban/Indust,469,1.3,3.05,K+
Mollusca,Agriculture,473,0,24,mixture (carbonate relationship)
Mollusca,Agriculture,473,0,24,mixture (carbonate relationship)
Zooplankton,Anthropogenic: Multiple sources,477,0,249,Na+
Zooplankton,Anthropogenic: Multiple sources,477,0,11,K+
Zooplankton,Anthropogenic: Multiple sources,477,0,249,Na+
Zooplankton,Anthropogenic: Multiple sources,477,0,11,K+
Zooplankton,Anthropogenic: Multiple sources,477,0,249,Na+
Zooplankton,Anthropogenic: Multiple sources,477,0,11,K+
Zooplankton,Anthropogenic: Multiple sources,477,0,249,Na+
Zooplankton,Anthropogenic: Multiple sources,477,0,11,K+
Zooplankton,Anthropogenic: Multiple sources,477,0,249,Na+
Zooplankton,Anthropogenic: Multiple sources,477,0,249,Na+
Zooplankton,Anthropogenic: Multiple sources,477,0,249,Na+
Zooplankton,Anthropogenic: Multiple sources,477,0,249,Na+
Zooplankton,Anthropogenic: Multiple sources,477,0,11,K+
Zooplankton,Anthropogenic: Multiple sources,477,0,11,K+
Zooplankton,Anthropogenic: Multiple sources,477,0,11,K+
Zooplankton,Anthropogenic: Multiple sources,477,0,11,K+
Crustacean,"Tolerance, Mechanistic, Osmoreg",479,9,31,CaCO3
Crustacean,"Tolerance, Mechanistic, Osmoreg",479,36,316,CaCO3
Crustacean,"Tolerance, Mechanistic, Osmoreg",479,34,326,CaCO3
Crustacean,"Tolerance, Mechanistic, Osmoreg",479,53,320,CaCO3
Crustacean,"Tolerance, Mechanistic, Osmoreg",479,36,316,CaCO3
Crustacean,"Tolerance, Mechanistic, Osmoreg",479,34,326,CaCO3
Crustacean,"Tolerance, Mechanistic, Osmoreg",479,53,320,CaCO3
Crustacean,"Tolerance, Mechanistic, Osmoreg",479,36,316,CaCO3
Crustacean,"Tolerance, Mechanistic, Osmoreg",479,34,326,CaCO3
Crustacean,"Tolerance, Mechanistic, Osmoreg",479,53,320,CaCO3
Crustacean,"Tolerance, Mechanistic, Osmoreg",479,9,31,CaCO3
Crustacean,"Tolerance, Mechanistic, Osmoreg",479,9,31,CaCO3
Crustacean,"Tolerance, Mechanistic, Osmoreg",479,36,316,CaCO3
Crustacean,"Tolerance, Mechanistic, Osmoreg",479,34,326,CaCO3
Crustacean,"Tolerance, Mechanistic, Osmoreg",479,53,320,CaCO3
Crustacean,"Tolerance, Mechanistic, Osmoreg",479,36,316,CaCO3
Crustacean,"Tolerance, Mechanistic, Osmoreg",479,53,320,CaCO3
Crustacean,"Tolerance, Mechanistic, Osmoreg",479,53,320,CaCO3
Crustacean,"Tolerance, Mechanistic, Osmoreg",479,53,320,CaCO3
Crustacean,"Tolerance, Mechanistic, Osmoreg",479,36,316,CaCO3
Crustacean,"Tolerance, Mechanistic, Osmoreg",479,34,326,CaCO3
Crustacean,"Tolerance, Mechanistic, Osmoreg",479,36,316,CaCO3
Crustacean,"Tolerance, Mechanistic, Osmoreg",479,9,31,CaCO3
Crustacean,"Tolerance, Mechanistic, Osmoreg",479,9,31,CaCO3
Crustacean,"Tolerance, Mechanistic, Osmoreg",479,9,31,CaCO3
Crustacean,"Tolerance, Mechanistic, Osmoreg",479,9,31,CaCO3
Crustacean,"Tolerance, Mechanistic, Osmoreg",479,36,316,CaCO3
Crustacean,"Tolerance, Mechanistic, Osmoreg",479,53,320,CaCO3
Crustacean,"Tolerance, Mechanistic, Osmoreg",479,34,326,CaCO3
Crustacean,"Tolerance, Mechanistic, Osmoreg",479,9,31,CaCO3
Zooplankton,Road Salts,481,30,1900,NaCl
Fish,Aquaculture,487,20,60,CaCO3
Fish,Aquaculture,487,20,60,CaCO3
Fish,Aquaculture,487,20,60,CaCO3
Fish,Aquaculture,487,20,60,CaCO3
Fish,Aquaculture,487,20,60,CaCO3
Fish,Aquaculture,487,20,60,CaCO3
Fish,Aquaculture,487,20,60,CaCO3
Insect,Agriculture,488,0.52,1.75,NO3-
Insect,Agriculture,488,0.52,1.75,NO3-
Insect,Agriculture,488,0.52,1.75,NO3-
Insect,Agriculture,488,0.52,1.75,NO3-
Insect,Agriculture,488,0.52,1.75,NO3-
Insect,Agriculture,488,0.52,1.75,NO3-
Insect,Agriculture,488,0.52,1.75,NO3-
Insect,Agriculture,488,0.52,1.75,NO3-
Insect,Agriculture,488,0.52,1.75,NO3-
Crustacean,Aquaculture,489,0,100,NaCl
Crustacean,Aquaculture,489,0,100,NaCl
Crustacean,Aquaculture,489,0,100,NaCl
Crustacean,"Tolerance, Mechanistic, Osmoreg",495,39.09,156.36,K+
Crustacean,"Tolerance, Mechanistic, Osmoreg",495,40.08,200.39999999999998,Ca2+
Crustacean,"Tolerance, Mechanistic, Osmoreg",495,24.31,72.92999999999999,Mg3+
Crustacean,"Tolerance, Mechanistic, Osmoreg",495,3.608,18.04,NH4+
amphibian,Climate/Intrusion,498,4000,12000,NaCl
amphibian,Climate/Intrusion,498,4000,12000,NaCl
amphibian,Climate/Intrusion,498,4000,12000,NaCl
amphibian,Climate/Intrusion,498,4000,12000,NaCl
amphibian,Climate/Intrusion,498,4000,12000,NaCl
amphibian,Climate/Intrusion,498,4000,12000,NaCl
amphibian,Climate/Intrusion,498,4000,12000,NaCl
amphibian,Climate/Intrusion,498,4000,12000,NaCl
amphibian,Climate/Intrusion,498,3900,23400,NaCl
amphibian,Climate/Intrusion,498,3900,23400,NaCl
amphibian,Climate/Intrusion,498,3900,23400,NaCl
amphibian,Climate/Intrusion,498,500,12000,NaCl
amphibian,Climate/Intrusion,498,500,12000,NaCl
Insect,Urban/Indust,499,1,3880,Cl-
Insect,Urban/Indust,499,1,3880,Cl-
Insect,Urban/Indust,499,1,3880,Cl-
Insect,Urban/Indust,499,1,3880,Cl-
Insect,Urban/Indust,499,1,3880,Cl-
Insect,Urban/Indust,499,1,3880,Cl-
Insect,Urban/Indust,499,1,3880,Cl-
Insect,Urban/Indust,499,1,3880,Cl-
Insect,Urban/Indust,499,1,3880,Cl-
Insect,Urban/Indust,499,1,3880,Cl-
Insect,Urban/Indust,499,1,3880,Cl-
Insect,Urban/Indust,499,1,3880,Cl-
Insect,Urban/Indust,499,1,3880,Cl-
Insect,Urban/Indust,499,1,3880,Cl-
Insect,Urban/Indust,499,1,3880,Cl-
Insect,Urban/Indust,499,1,3880,Cl-
Insect,Urban/Indust,499,1,3880,Cl-
Insect,Urban/Indust,499,1,3880,Cl-
Insect,Urban/Indust,499,1,3880,Cl-
Insect,Urban/Indust,499,1,3880,Cl-
Zooplankton,Road Salts,501,6.5,250,NaCl
Zooplankton,Road Salts,501,6.5,250,NaCl
Zooplankton,Road Salts,501,6.5,250,NaCl
Zooplankton,Road Salts,501,6.5,250,NaCl
Zooplankton,Road Salts,501,6.5,250,NaCl
Zooplankton,Road Salts,501,6.5,250,NaCl
Zooplankton,Road Salts,501,6.5,250,NaCl
Zooplankton,Road Salts,501,6.5,250,NaCl
Zooplankton,Road Salts,501,6.5,250,NaCl
Zooplankton,Road Salts,501,6.5,250,NaCl
Zooplankton,Road Salts,501,6.5,250,NaCl
Zooplankton,Road Salts,501,6.5,250,NaCl
Zooplankton,Road Salts,501,6.5,250,NaCl
Zooplankton,Road Salts,501,6.5,250,NaCl
Zooplankton,Road Salts,501,6.5,250,NaCl
Zooplankton,Road Salts,501,6.5,250,NaCl
Zooplankton,Road Salts,501,6.5,250,NaCl
Zooplankton,Road Salts,501,6.5,250,NaCl
Zooplankton,Road Salts,501,6.5,250,NaCl
Zooplankton,Road Salts,501,6.5,250,NaCl
Zooplankton,Road Salts,501,6.5,250,NaCl
Zooplankton,Road Salts,501,6.5,250,NaCl
Zooplankton,Road Salts,501,6.5,250,NaCl
Zooplankton,Road Salts,501,6.5,250,NaCl
Zooplankton,Road Salts,501,6.5,250,NaCl
Zooplankton,Road Salts,501,6.5,250,NaCl
Zooplankton,Road Salts,501,6.5,250,NaCl
Zooplankton,Road Salts,501,6.5,250,NaCl
Zooplankton,Road Salts,501,6.5,250,NaCl
Zooplankton,Road Salts,501,6.5,250,NaCl
Zooplankton,Road Salts,501,6.5,250,NaCl
Zooplankton,Road Salts,501,6.5,250,NaCl
Zooplankton,Road Salts,501,6.5,250,NaCl
Zooplankton,Road Salts,501,6.5,250,NaCl
Zooplankton,Road Salts,501,6.5,250,NaCl
Zooplankton,Road Salts,501,6.5,250,NaCl
Zooplankton,Road Salts,501,6.5,250,NaCl
Zooplankton,Road Salts,501,6.5,250,NaCl
Zooplankton,Road Salts,501,6.5,250,NaCl
Zooplankton,Road Salts,501,6.5,250,NaCl
Zooplankton,Road Salts,501,6.5,250,NaCl
Zooplankton,Road Salts,501,6.5,250,NaCl
Zooplankton,Road Salts,501,6.5,250,NaCl
Zooplankton,Road Salts,501,6.5,250,NaCl
Zooplankton,Road Salts,501,6.5,250,NaCl
Zooplankton,Road Salts,501,6.5,250,NaCl
Zooplankton,Road Salts,501,6.5,250,NaCl
Zooplankton,Road Salts,501,6.5,250,NaCl
Zooplankton,Road Salts,501,6.5,250,NaCl
Zooplankton,Road Salts,501,6.5,250,NaCl
Zooplankton,Road Salts,501,6.5,250,NaCl
Zooplankton,Road Salts,501,6.5,250,NaCl
Zooplankton,Road Salts,501,6.5,250,NaCl
Zooplankton,Road Salts,501,6.5,250,NaCl
Zooplankton,Road Salts,501,6.5,250,NaCl
Zooplankton,Road Salts,501,6.5,250,NaCl
Zooplankton,Road Salts,501,6.5,250,NaCl
Zooplankton,Road Salts,501,6.5,250,NaCl
Zooplankton,Road Salts,501,6.5,250,NaCl
Zooplankton,Road Salts,501,6.5,250,NaCl
Zooplankton,Road Salts,501,6.5,250,NaCl
Zooplankton,Road Salts,501,6.5,250,NaCl
Zooplankton,Road Salts,501,6.5,250,NaCl
Zooplankton,Road Salts,501,6.5,250,NaCl
amphibian,Road Salts,504,1,945,Cl-
amphibian,Road Salts,505,1,945,Cl-
amphibian,Road Salts,505,1,945,Cl-
amphibian,Road Salts,505,1,945,Cl-
Mollusca,Road Salts,507,27,777,Cl-
amphibian,Road Salts,507,27,777,Cl-
Mollusca,Road Salts,507,27,777,Cl-
Zooplankton,Road Salts,507,27,777,Cl-
Zooplankton,Road Salts,507,27,777,Cl-
Crustacean,Road Salts,507,27,777,Cl-
Mollusca,Road Salts,507,27,777,Cl-
Zooplankton,Road Salts,507,27,777,Cl-
amphibian,Road Salts,507,27,777,Cl-
Insect,Road Salts,508,0,20000,NaCl
amphibian,Fungus,509,0,5000,NaCl
Crustacean,Road Salts,510,0,10000,road salt
Insect,Road Salts,510,0,10000,road salt
Crustacean,Road Salts,510,0,10000,road salt
Insect,Road Salts,510,0,18825,road salt
Mollusca,Road Salts,510,0,10000,road salt
Mollusca,Road Salts,510,0,10000,road salt
Mollusca,Road Salts,510,0,10000,road salt
Mollusca,Road Salts,510,0,18825,road salt
Insect,Road Salts,510,0,10000,road salt
Insect,Road Salts,510,0,10000,road salt
Crustacean,Road Salts,510,0,10000,road salt
Insect,Road Salts,510,0,10000,road salt
Insect,Road Salts,510,0,10000,road salt
Insect,Road Salts,510,0,10000,road salt
Insect,Road Salts,511,0,10000,NaCl
Crustacean,Road Salts,511,0,10000,NaCl
Insect,Road Salts,511,0,10000,NaCl
Insect,Road Salts,511,0,10000,NaCl
Insect,Road Salts,511,0,10000,NaCl
Crustacean,Road Salts,511,0,10000,NaCl
Insect,Road Salts,511,0,10000,NaCl
Insect,Road Salts,511,0,10000,NaCl
Insect,Road Salts,511,0,10000,NaCl
Insect,Road Salts,511,11.86,12.66,Cl-
Zooplankton,Road Salts,512,15,1000,NaCl
Fish,Road Salts,512,15,1000,NaCl
Fish,Road Salts,512,15,1000,NaCl
Fish,Road Salts,512,15,1000,NaCl
Fish,Road Salts,512,15,1000,NaCl
Fish,Road Salts,512,15,1000,NaCl
Fish,Road Salts,512,15,1000,NaCl
Fish,Road Salts,512,15,1000,NaCl
Fish,Road Salts,512,15,1000,NaCl
Crustacean,Road Salts,512,15,1000,NaCl
Mollusca,Road Salts,512,15,1000,NaCl
Zooplankton,Road Salts,512,15,1000,NaCl
Mollusca,Road Salts,512,15,1000,NaCl
Mollusca,Road Salts,512,15,1000,NaCl
Insect,Anthropogenic: Multiple sources,513,33.3,843,NaHCO3
Insect,Anthropogenic: Multiple sources,513,5.7,760,MgSO4
Insect,Anthropogenic: Multiple sources,513,2.9,1433.3,NaCl
Insect,Anthropogenic: Multiple sources,513,33.3,843,NaHCO3
Insect,Anthropogenic: Multiple sources,513,5.7,760,MgSO4
Insect,Anthropogenic: Multiple sources,513,2.6,978.3,NaCl
Insect,Anthropogenic: Multiple sources,513,2.9,1433.3,NaCl
Insect,Anthropogenic: Multiple sources,513,2.6,978.3,NaCl
Insect,Anthropogenic: Multiple sources,513,33.3,843,NaHCO3
Insect,Anthropogenic: Multiple sources,513,5.7,760,MgSO4
Insect,Anthropogenic: Multiple sources,513,2.9,1433.3,NaCl
Insect,Anthropogenic: Multiple sources,513,2.6,978.3,NaCl
Insect,Anthropogenic: Multiple sources,513,33.3,843,NaHCO3
Insect,Anthropogenic: Multiple sources,513,5.7,760,MgSO4
Insect,Anthropogenic: Multiple sources,513,2.6,978.3,NaCl
Insect,Anthropogenic: Multiple sources,513,2.9,1433.3,NaCl
Insect,Anthropogenic: Multiple sources,513,33.3,843,NaHCO3
Insect,Anthropogenic: Multiple sources,513,5.7,760,MgSO4
Insect,Anthropogenic: Multiple sources,513,2.6,978.3,NaCl
Insect,Anthropogenic: Multiple sources,513,2.9,1433.3,NaCl
Insect,Anthropogenic: Multiple sources,513,2.9,1433.3,NaCl
Insect,Anthropogenic: Multiple sources,513,33.3,843,NaHCO3
Insect,Anthropogenic: Multiple sources,513,2.9,1433.3,NaCl
Insect,Anthropogenic: Multiple sources,513,33.3,843,NaHCO3
Insect,Anthropogenic: Multiple sources,513,2.9,1433.3,NaCl
Insect,Anthropogenic: Multiple sources,513,33.3,843,NaHCO3
Insect,Anthropogenic: Multiple sources,513,5.7,760,MgSO4
Insect,Anthropogenic: Multiple sources,513,33.3,843,NaHCO3
Insect,Anthropogenic: Multiple sources,513,2.9,1433.3,NaCl
Insect,Anthropogenic: Multiple sources,513,33.3,843,NaHCO3
Insect,Anthropogenic: Multiple sources,513,2.6,978.3,NaCl
Insect,Anthropogenic: Multiple sources,513,2.9,1433.3,NaCl
Insect,Anthropogenic: Multiple sources,513,5.7,760,MgSO4
Insect,Anthropogenic: Multiple sources,513,2.9,1433.3,NaCl
Insect,Anthropogenic: Multiple sources,513,33.3,843,NaHCO3
Insect,Anthropogenic: Multiple sources,513,5.7,760,MgSO4
Insect,Anthropogenic: Multiple sources,513,2.6,978.3,NaCl
Insect,Anthropogenic: Multiple sources,513,5.7,760,MgSO4
Insect,Anthropogenic: Multiple sources,513,2.6,978.3,NaCl
Insect,Anthropogenic: Multiple sources,513,5.7,760,MgSO4
Insect,Anthropogenic: Multiple sources,513,2.6,978.3,NaCl
Insect,Anthropogenic: Multiple sources,513,2.6,978.3,NaCl
Insect,Anthropogenic: Multiple sources,513,2.9,1433.3,NaCl
Insect,Anthropogenic: Multiple sources,513,5.7,760,MgSO4
Insect,Anthropogenic: Multiple sources,513,2.6,978.3,NaCl
Insect,Anthropogenic: Multiple sources,513,5.7,760,MgSO4
Insect,Anthropogenic: Multiple sources,513,33.3,843,NaHCO3
Insect,Anthropogenic: Multiple sources,513,2.6,978.3,NaCl
Zooplankton,Road Salts,514,15,1000,NaCl
Zooplankton,Road Salts,514,15,1000,NaCl
Zooplankton,Road Salts,514,15,1000,NaCl
Mollusca,Road Salts,514,15,1000,NaCl
Mollusca,Road Salts,514,15,1000,NaCl
Mollusca,Road Salts,514,15,1000,NaCl
Fish,Road Salts,515,0,7500,Cl-
Zooplankton,Road Salts,515,0,7500,Cl-
Fish,Road Salts,515,0,6500,Cl-
Zooplankton,Road Salts,515,0,2000,Cl-
Fish,Road Salts,515,0,4900,Cl-
Zooplankton,Road Salts,515,0,2000,Cl-
Fish,Road Salts,515,0,6500,Cl-
Zooplankton,Road Salts,515,0,6500,Cl-
Fish,Road Salts,516,25,3000,NaCl
Fish,Road Salts,516,25,3000,CaCl2
Fish,Road Salts,516,25,3000,MgCl2
Fish,Road Salts,516,25,3000,NaCl
Fish,Road Salts,516,25,3000,CaCl2
Fish,Road Salts,516,25,3000,MgCl2
Fish,Road Salts,516,25,3000,NaCl
Fish,Road Salts,516,25,3000,CaCl2
Fish,Road Salts,516,25,3000,MgCl2
Fish,Road Salts,517,25,4000,NaCl
Fish,Road Salts,517,25,4000,NaCl
Fish,Road Salts,517,25,4000,NaCl
Zooplankton,Road Salts,517,30,1300,NaCl
Zooplankton,Road Salts,517,30,1300,NaCl
Zooplankton,Road Salts,517,30,1300,NaCl
Zooplankton,Road Salts,518,2.4,11.4,Cl-
Zooplankton,Road Salts,518,2.8,3.8,Cl-
Zooplankton,Road Salts,518,2.4,11.4,Cl-
Zooplankton,Road Salts,518,2.8,3.8,Cl-
Zooplankton,Road Salts,518,2.8,3.8,Cl-
Zooplankton,Road Salts,518,2.4,11.4,Cl-
Zooplankton,Road Salts,519,20,780,NaCl
Zooplankton,Road Salts,519,20,780,mixture
amphibian,Road Salts,519,20,780,mixture
amphibian,Road Salts,519,20,780,mixture
amphibian,Road Salts,519,20,780,mixture
amphibian,Road Salts,519,20,780,mixture
amphibian,Road Salts,523,114,867,Cl-
amphibian,Road Salts,523,114,867,Cl-
amphibian,Road Salts,523,114,867,Cl-
amphibian,Road Salts,523,114,867,Cl-
Mollusca,Road Salts,524,130,2909,NaCl
Mollusca,Road Salts,524,130,2909,NaCl
Mollusca,Road Salts,524,130,2909,NaCl
Mollusca,Road Salts,524,130,2909,NaCl
Mollusca,Road Salts,524,335,5962,NaCl
Mollusca,Road Salts,525,120,3840,Cl-
Mollusca,Road Salts,525,120,3840,Cl-
Mollusca,Road Salts,525,120,3840,Cl-
Mollusca,Road Salts,526,130,2909,Cl-
Mollusca,Road Salts,526,130,5962,Cl-
Mollusca,Anthropogenic: Multiple sources,530,340,10000,NaCl
Mollusca,Anthropogenic: Multiple sources,530,340,5000,NaCl
Mollusca,Invasive Spp,531,1750,7000,Artifical Seawater
Mollusca,Invasive Spp,531,1750,3500,Artifical Seawater
Mollusca,Invasive Spp,531,1750,7000,Artifical Seawater
Mollusca,Invasive Spp,531,1750,7000,Artifical Seawater
Mollusca,Invasive Spp,532,0,8000,NaCl dominant (diluted seawater)
Mollusca,Invasive Spp,532,0,8000,NaCl dominant (diluted seawater)
Mollusca,Invasive Spp,532,0,8000,NaCl dominant (diluted seawater)
Mollusca,Invasive Spp,532,0,8000,NaCl dominant (diluted seawater)
Mollusca,Invasive Spp,532,0,8000,NaCl dominant (diluted seawater)
Mollusca,Invasive Spp,532,0,8000,NaCl dominant (diluted seawater)
Mollusca,Invasive Spp,538,5000,20000,NaCl dominant (diluted seawater)
Mollusca,Invasive Spp,538,5000,20000,NaCl dominant (diluted seawater)
Mollusca,Invasive Spp,538,5000,20000,NaCl dominant (diluted seawater)
Mollusca,Invasive Spp,538,5000,20000,NaCl dominant (diluted seawater)
Mollusca,Invasive Spp,538,0,10000,NaCl dominant (diluted seawater)
Mollusca,Invasive Spp,538,0,10000,NaCl dominant (diluted seawater)
Mollusca,Invasive Spp,538,5000,20000,NaCl dominant (diluted seawater)
Mollusca,Invasive Spp,538,5000,20000,NaCl dominant (diluted seawater)
Mollusca,Invasive Spp,538,0,20000,NaCl dominant (diluted seawater)
Mollusca,Invasive Spp,538,0,20000,NaCl dominant (diluted seawater)
Mollusca,Climate/Intrusion,539,500,25500,NaCl dominant (diluted seawater)
Zooplankton,Energy Extraction,544,115,3000,NaHCO3
Zooplankton,Energy Extraction,544,84,3000,NaHCO3
Zooplankton,Energy Extraction,544,84,3000,NaHCO3
Zooplankton,Energy Extraction,544,84,3000,NaCl
Zooplankton,Energy Extraction,544,115,3000,NaHCO3
Crustacean,Energy Extraction,544,40,3000,NaHCO3
Crustacean,Energy Extraction,545,0,60000,NaHCO3
Crustacean,Energy Extraction,545,0,60000,Synthetic marine salts
Crustacean,Energy Extraction,545,0,60000,NaHCO3
Crustacean,Energy Extraction,545,0,60000,Synthetic marine salts
Insect,Energy Extraction,545,0,60000,NaHCO3
Insect,Energy Extraction,545,0,60000,Synthetic marine salts
Insect,Energy Extraction,545,0,60000,NaHCO3
Insect,Energy Extraction,545,0,60000,NaHCO3
Insect,Energy Extraction,545,0,60000,Synthetic marine salts
Insect,Energy Extraction,545,0,60000,NaHCO3
Insect,Energy Extraction,545,0,60000,Synthetic marine salts
Mollusca,Energy Extraction,545,0,60000,NaHCO3
Mollusca,Energy Extraction,545,0,60000,Synthetic marine salts
Zooplankton,Energy Extraction,545,0,60000,NaHCO3
Zooplankton,Energy Extraction,545,0,60000,Synthetic marine salts
Insect,Energy Extraction,545,0,60000,Synthetic marine salts
Crustacean,Energy Extraction,545,0,60000,NaHCO3
Crustacean,Energy Extraction,545,0,60000,Synthetic marine salts
Crustacean,Energy Extraction,545,0,60000,NaHCO3
Crustacean,Energy Extraction,545,0,60000,Synthetic marine salts
Insect,Energy Extraction,545,0,60000,NaHCO3
Insect,Energy Extraction,545,0,60000,Synthetic marine salts
Insect,Energy Extraction,545,0,60000,NaHCO3
Insect,Energy Extraction,545,0,60000,Synthetic marine salts
Insect,Energy Extraction,545,0,60000,NaHCO3
Insect,Energy Extraction,545,0,60000,Synthetic marine salts
Insect,Energy Extraction,545,0,60000,NaHCO3
Insect,Energy Extraction,545,0,60000,Synthetic marine salts
Mollusca,Energy Extraction,545,0,60000,NaHCO3
Mollusca,Energy Extraction,545,0,60000,Synthetic marine salts
Zooplankton,Energy Extraction,545,0,60000,NaHCO3
Zooplankton,Energy Extraction,545,0,60000,Synthetic marine salts
Zooplankton,Road Salts,552,25,200,MgCl2
Zooplankton,Road Salts,552,25,200,NaCl
Zooplankton,Road Salts,552,25,200,ClearLane (NaCl dominant)
Zooplankton,Road Salts,552,25,200,NaCl + Geomelt
Zooplankton,Road Salts,552,25,200,Magic salt (MgCl dominant)
Zooplankton,Road Salts,552,25,200,NaCl
Zooplankton,Road Salts,552,25,200,MgCl2
Zooplankton,Road Salts,552,25,200,ClearLane (NaCl dominant)
Zooplankton,Road Salts,552,25,200,NaCl + Geomelt
Zooplankton,Road Salts,552,25,200,Magic salt (MgCl dominant)
Crustacean,Road Salts,552,25,200,MgCl2
Crustacean,Road Salts,552,25,200,Magic salt (MgCl dominant)
Crustacean,Road Salts,552,25,200,NaCl
Crustacean,Road Salts,552,25,200,NaCl + Geomelt
Crustacean,Road Salts,552,25,200,ClearLane (NaCl dominant)
Zooplankton,Road Salts,552,25,200,NaCl
Zooplankton,Road Salts,552,25,200,MgCl2
Zooplankton,Road Salts,552,25,200,ClearLane (NaCl dominant)
Zooplankton,Road Salts,552,25,200,NaCl + Geomelt
Zooplankton,Road Salts,552,25,200,Magic salt (MgCl dominant)
Zooplankton,Road Salts,553,0.4,145,Cl-
Zooplankton,Road Salts,553,0.4,145,Cl-
Zooplankton,Road Salts,553,0.4,145,Cl-
Zooplankton,Road Salts,553,0.4,145,Cl-
Zooplankton,Road Salts,553,0.4,145,Cl-
Zooplankton,Road Salts,553,0.4,145,Cl-
Zooplankton,Road Salts,553,0.4,145,Cl-
Zooplankton,Road Salts,553,0.4,145,Cl-
Zooplankton,Road Salts,553,0.4,145,Cl-
Zooplankton,Road Salts,553,0.4,145,Cl-
Zooplankton,Road Salts,553,0.4,145,Cl-
Zooplankton,Road Salts,553,0.4,145,Cl-
Zooplankton,Road Salts,553,0.4,145,Cl-
amphibian,Road Salts,554,0,12000,NaCl
amphibian,Road Salts,554,0,12000,CaCl2
amphibian,Road Salts,554,0,12000,MgCl2
amphibian,Road Salts,554,0,12000,potassium acetate
amphibian,Road Salts,554,0,12000,calcium magnesium acetate
amphibian,Road Salts,554,0,12000,NaCl
amphibian,Road Salts,554,0,12000,CaCl2
amphibian,Road Salts,554,0,12000,MgCl2
amphibian,Road Salts,554,0,12000,potassium acetate
amphibian,Road Salts,554,0,12000,calcium magnesium acetate
amphibian,Road Salts,558,700,2000,NaCl
amphibian,Road Salts,558,700,2000,NaCl
amphibian,Road Salts,558,700,2000,MgCl2
amphibian,Road Salts,558,700,2000,NaCl
amphibian,Road Salts,558,700,2000,MgCl2
amphibian,Road Salts,558,700,2000,MgCl2
amphibian,Road Salts,558,700,2000,NaCl
amphibian,Road Salts,558,700,2000,MgCl2
amphibian,Road Salts,558,700,2000,NaCl
amphibian,Road Salts,558,700,2000,MgCl2
amphibian,Road Salts,558,700,2000,NaCl
amphibian,Road Salts,558,700,2000,MgCl2
amphibian,Road Salts,559,700,2000,MgCl2
amphibian,Road Salts,559,700,2000,NaCl
amphibian,Road Salts,559,700,2000,MgCl2
amphibian,Road Salts,559,700,2000,NaCl
amphibian,Road Salts,559,700,2000,MgCl2
amphibian,Road Salts,559,700,2000,NaCl
amphibian,Road Salts,559,700,2000,MgCl2
amphibian,Road Salts,559,700,2000,NaCl
amphibian,Road Salts,560,700,2000,MgCl2
amphibian,Road Salts,560,700,2000,MgCl2
amphibian,Road Salts,560,700,2000,MgCl2
amphibian,Road Salts,560,700,2000,MgCl2
amphibian,Road Salts,560,700,2000,NaCl
amphibian,Road Salts,560,700,2000,NaCl
amphibian,Road Salts,560,700,2000,NaCl
amphibian,Road Salts,560,700,2000,NaCl
Fish,Road Salts,564,0,4560,NaCl
Fish,Road Salts,564,0,4560,NaCl
Fish,Road Salts,564,0,4560,NaCl
Fish,Road Salts,564,0,4560,NaCl
Fish,Road Salts,564,0,4560,NaCl
Fish,Road Salts,564,0,4560,NaCl
Fish,Road Salts,564,0,4560,NaCl
Fish,Road Salts,564,0,4560,NaCl
Fish,Road Salts,564,0,4560,NaCl
Fish,Road Salts,564,0,4560,NaCl
Insect,Road Salts,567,8.1,1148.6,Cl-
amphibian,Road Salts,568,0,214.9,MgCl2
amphibian,Road Salts,568,0,263.7,NaCl
amphibian,Road Salts,568,0,214.9,MgCl2
amphibian,Road Salts,568,0,214.9,MgCl2
amphibian,Road Salts,568,0,263.7,NaCl
amphibian,Road Salts,568,0,263.7,NaCl
amphibian,Road Salts,568,0,160,magnesium acetate
amphibian,Road Salts,568,0,120,calcium acetate
amphibian,Road Salts,568,0,169.6,sodium ferrocynide
amphibian,Road Salts,568,0,152,sodium formate
amphibian,Road Salts,568,0,263.7,NaCl
amphibian,Road Salts,568,0,214.9,MgCl2
amphibian,Road Salts,568,0,263.7,NaCl
amphibian,Road Salts,568,0,214.9,MgCl2
amphibian,Road Salts,568,0,263.7,NaCl
amphibian,Road Salts,568,0,160,magnesium acetate
amphibian,Road Salts,568,0,120,calcium acetate
amphibian,Road Salts,568,0,169.6,sodium ferrocynide
"non-insect, non-arthropod",Energy Extraction,572,0.6,108,MgCl2
"non-insect, non-arthropod",Energy Extraction,572,0.6,108,Mg3+
"non-insect, non-arthropod",Energy Extraction,572,0.6,108,Mg3+
"non-insect, non-arthropod",Energy Extraction,572,0.6,108,Na2SO4
Mollusca,Energy Extraction,572,3.2,99,Mg3+
Mollusca,Energy Extraction,572,3.2,99,MgCl2
Mollusca,Energy Extraction,572,3.2,99,Mg3+
Zooplankton,Energy Extraction,572,2.9,205,Mg3+
Zooplankton,Energy Extraction,572,2.9,205,Mg3+
Mollusca,Energy Extraction,572,3.2,99,Na2SO4
Fish,Energy Extraction,572,2.6,205,Mg3+
Fish,Energy Extraction,572,2.6,205,Mg3+
Mollusca,Energy Extraction,572,0.6,108,MgCl2
Mollusca,Energy Extraction,572,0.6,108,Mg3+
Mollusca,Energy Extraction,572,0.6,108,Na2SO4
Mollusca,Energy Extraction,572,0.6,108,SO4 2-
Mollusca,Energy Extraction,572,3.2,99,MgSO4
Mollusca,Energy Extraction,572,3.2,99,Mg3+
Mollusca,Energy Extraction,572,3.2,99,MgSO4
Mollusca,Energy Extraction,572,3.2,99,Mg3+
Mollusca,Energy Extraction,572,4.5,513,MgSO4
Mollusca,Energy Extraction,572,4.5,513,Mg3+
Zooplankton,Energy Extraction,572,2.9,205,MgSO4
Zooplankton,Energy Extraction,572,2.9,205,Mg3+
Zooplankton,Energy Extraction,572,6.7,322,MgSO4
Zooplankton,Energy Extraction,572,6.7,322,Mg3+
"non-insect, non-arthropod",Energy Extraction,572,0.6,108,MgSO4
"non-insect, non-arthropod",Energy Extraction,572,0.6,108,Mg3+
"non-insect, non-arthropod",Energy Extraction,572,0.6,108,MgCl2
"non-insect, non-arthropod",Energy Extraction,572,0.6,108,Mg3+
"non-insect, non-arthropod",Energy Extraction,572,0.6,108,Na2SO4
"non-insect, non-arthropod",Energy Extraction,572,0.6,108,SO4 2-
"non-insect, non-arthropod",Energy Extraction,572,10,2390,MgSO4
"non-insect, non-arthropod",Energy Extraction,572,10,2390,Mg3+
"non-insect, non-arthropod",Energy Extraction,572,3.2,99,MgSO4
"non-insect, non-arthropod",Energy Extraction,572,3.2,99,Mg3+
Fish,Energy Extraction,572,2.6,205,MgSO4
Fish,Energy Extraction,572,2.6,205,Mg3+
Fish,Energy Extraction,572,109,4110,MgSO4
Fish,Energy Extraction,572,109,4110,Mg3+
Mollusca,Energy Extraction,572,0.6,108,Na2SO4
"non-insect, non-arthropod",Energy Extraction,572,0.6,108,Mg3+
